Workbook

Sheet Matcher
A1: Knullrunkcupen 2025/2026
A2: Matcher | H2: Blå | I2: Mål | J2: Assist | M2: Rosa | N2: Mål | O2: Assist | R2: Grön | S2: Mål | T2: Assist | W2: Brun | AB2: Målvakter | AD2: Mål | AE2: Assist
A3: Hemma | B3: Resultat | E3: Borta | F3: Vinnare | G3: Förlorare | H3: Spelare | I3: Mål | J3: Assist | K3: Vinster | L3: Förluster | M3: Spelare | N3: Mål | O3: Assist | P3: Vinster | Q3: Förluster | R3: Spelare | S3: Mål | T3: Assist | U3: Vinster | V3: Förluster | W3: Spelare | X3: Mål | Y3: Assist | AB3: Spelare | AD3: Mål | AE3: Assist | AF3: Vinster | AG3: Förluster | AH3: Nollor | AK3: Nollor H | AL3: Nollor B
A4: Gameweek 1 | H4: =A4 -> Gameweek 1 | K4: Vin. | L4: För. | M4: Gameweek 1 | P4: Vin. | Q4: För. | R4: =A4 -> Gameweek 1 | U4: Vin. | V4: För. | W4: =A4 -> Gameweek 1 | Z4: Vin. | AA4: För. | AB4: =A4 -> Gameweek 1 | AF4: Vin. | AG4: För. | AH4: Nollor | AI4: Temp
A5: Blå | B5: 0 | C5: =IF(ISBLANK(A5), "", "-") -> - | D5: 1 | E5: Rosa | F5: =IF(AND(B5 <> "", D5 <> ""), IF(B5 > D5, A5, IF(D5 > B5, E5, "Oavgjort")), "") -> Rosa | G5: =IF(AND(B5 <> "", D5 <> ""), IF(B5 < D5, A5, IF(D5 < B5, E5, "Oavgjort")), "") -> Blå | H5: Samuel P | I5: 2 | J5: 0 | K5: {=IF(SEQUENCE(18, 1), COUNTIF(F5:F22, $H$2))} -> 4 | L5: {=IF(SEQUENCE(18, 1), COUNTIF(G5:G22, $H$2))} -> 5 | M5: Daniel K | N5: 0 | O5: 1 | P5: {=IF(SEQUENCE(18, 1), COUNTIF(F5:F22, $M$2))} -> 5 | Q5: {=IF(SEQUENCE(18, 1), COUNTIF(G5:G22, $M$2))} -> 4 | R5: Yvan I | S5: 0 | T5: 0 | U5: {=IF(SEQUENCE(18, 1), COUNTIF(F5:F22, $R$2))} -> 0 | V5: {=IF(SEQUENCE(18, 1), COUNTIF(G5:G22, $R$2))} -> 0 | X5: 0 | Y5: 0 | Z5: {=IF(SEQUENCE(18, 1), COUNTIF(F5:F22, $W$2))} -> 0 | AA5: {=IF(SEQUENCE(18, 1), COUNTIF(G5:G22, $W$2))} -> 0 | AB5: Hemma | AC5: Branislav D | AD5: 0 | AE5: 1 | AF5: =IF(AB5 = "Borta", AJ5, (IF(AB5 = "Hemma", AI5, 0))) -> 4 | AG5: 5 | AH5: =IF(AB5 = "Borta", AK5, (IF(AB5 = "Hemma", AL5, 0))) -> 3 | AI5: {=IF(F5 <> "", SEQUENCE(18,1,1,0)*SUM(IF(A5:A22 = F5:F22, 1, 0)), SEQUENCE(18,1,0,0) )} -> 4 | AJ5: {=IF(G5 <> "", SEQUENCE(18,1,1,0)*SUM(IF(E5:E22 = F5:F22, 1, 0)), SEQUENCE(18,1,0,0) )} -> 9 | AK5: {=IF(SEQUENCE(18, 1), COUNTIF(B5:B22, 0))} -> 7 | AL5: {=IF(SEQUENCE(18, 1), COUNTIF(D5:D22, 0))} -> 3
A6: Blå | B6: 0 | C6: =IF(ISBLANK(A6), "", "-") -> - | D6: 2 | E6: Rosa | F6: =IF(AND(B6 <> "", D6 <> ""), IF(B6 > D6, A6, IF(D6 > B6, E6, "Oavgjort")), "") -> Rosa | G6: =IF(AND(B6 <> "", D6 <> ""), IF(B6 < D6, A6, IF(D6 < B6, E6, "Oavgjort")), "") -> Blå | H6: Albert A | I6: 0 | J6: 0 | K6: 4 | L6: 5 | M6: Shahir I | N6: 0 | O6: 0 | P6: 5 | Q6: 4 | S6: 0 | T6: 0 | U6: 0 | V6: 0 | X6: 0 | Y6: 0 | Z6: 0 | AA6: 0 | AB6: Borta | AC6: Emil B | AD6: 0 | AE6: 0 | AF6: 5 | AG6: =IF(AB6 = "Hemma", AJ6, (IF(AB6 = "Borta", AI6, 0))) -> 4 | AH6: =IF(AB6 = "Borta", AK6, (IF(AB6 = "Hemma", AL6, 0))) -> 7 | AI6: 4 | AJ6: 9 | AK6: 7 | AL6: 3
A7: Blå | B7: 0 | C7: =IF(ISBLANK(A7), "", "-") -> - | D7: 0 | E7: Rosa | F7: =IF(AND(B7 <> "", D7 <> ""), IF(B7 > D7, A7, IF(D7 > B7, E7, "Oavgjort")), "") -> Oavgjort | G7: =IF(AND(B7 <> "", D7 <> ""), IF(B7 < D7, A7, IF(D7 < B7, E7, "Oavgjort")), "") -> Oavgjort | H7: Amiin M | I7: 3 | J7: 3 | K7: 4 | L7: 5 | M7: Milos G | N7: 5 | O7: 3 | P7: 5 | Q7: 4 | S7: 0 | T7: 0 | U7: 0 | V7: 0 | X7: 0 | Y7: 0 | Z7: 0 | AA7: 0 | AF7: =IF(AB7 = "Borta", AJ7, (IF(AB7 = "Hemma", AI7, 0))) -> 0 | AG7: =IF(AB7 = "Hemma", AJ7, (IF(AB7 = "Borta", AI7, 0))) -> 0 | AH7: =IF(AB7 = "Borta", AK7, (IF(AB7 = "Hemma", AL7, 0))) -> 0 | AI7: 4 | AJ7: 9 | AK7: 7 | AL7: 3
A8: Blå | B8: 0 | C8: =IF(ISBLANK(A8), "", "-") -> - | D8: 2 | E8: Rosa | F8: =IF(AND(B8 <> "", D8 <> ""), IF(B8 > D8, A8, IF(D8 > B8, E8, "Oavgjort")), "") -> Rosa | G8: =IF(AND(B8 <> "", D8 <> ""), IF(B8 < D8, A8, IF(D8 < B8, E8, "Oavgjort")), "") -> Blå | H8: Aria A | I8: 0 | J8: 1 | K8: 4 | L8: 5 | M8: Oskar R | N8: 2 | O8: 1 | P8: 5 | Q8: 4 | S8: 0 | T8: 0 | U8: 0 | V8: 0 | X8: 0 | Y8: 0 | Z8: 0 | AA8: 0 | AF8: =IF(AB8 = "Borta", AJ8, (IF(AB8 = "Hemma", AI8, 0))) -> 0 | AG8: =IF(AB8 = "Hemma", AJ8, (IF(AB8 = "Borta", AI8, 0))) -> 0 | AH8: =IF(AB8 = "Borta", AK8, (IF(AB8 = "Hemma", AL8, 0))) -> 0 | AI8: 4 | AJ8: 9 | AK8: 7 | AL8: 3
A9: Rosa | B9: 1 | C9: =IF(ISBLANK(A9), "", "-") -> - | D9: 0 | E9: Blå | F9: =IF(AND(B9 <> "", D9 <> ""), IF(B9 > D9, A9, IF(D9 > B9, E9, "Oavgjort")), "") -> Rosa | G9: =IF(AND(B9 <> "", D9 <> ""), IF(B9 < D9, A9, IF(D9 < B9, E9, "Oavgjort")), "") -> Blå | H9: Oliver G | I9: 0 | J9: 0 | K9: 4 | L9: 5 | M9: Jakob S | N9: 2 | O9: 3 | P9: 5 | Q9: 4 | S9: 0 | T9: 0 | U9: 0 | V9: 0 | X9: 0 | Y9: 0 | Z9: 0 | AA9: 0 | AF9: =IF(AB9 = "Borta", AJ9, (IF(AB9 = "Hemma", AI9, 0))) -> 0 | AG9: =IF(AB9 = "Hemma", AJ9, (IF(AB9 = "Borta", AI9, 0))) -> 0 | AH9: =IF(AB9 = "Borta", AK9, (IF(AB9 = "Hemma", AL9, 0))) -> 0 | AI9: 4 | AJ9: 9 | AK9: 7 | AL9: 3
A10: Rosa | B10: 1 | C10: =IF(ISBLANK(A10), "", "-") -> - | D10: 3 | E10: Blå | F10: =IF(AND(B10 <> "", D10 <> ""), IF(B10 > D10, A10, IF(D10 > B10, E10, "Oavgjort")), "") -> Blå | G10: =IF(AND(B10 <> "", D10 <> ""), IF(B10 < D10, A10, IF(D10 < B10, E10, "Oavgjort")), "") -> Rosa | H10: Oskar B | I10: 2 | J10: 2 | K10: 4 | L10: 5 | P10: 5 | Q10: 4 | U10: 0 | V10: 0 | Z10: 0 | AA10: 0 | AF10: =IF(AB10 = "Borta", AJ10, (IF(AB10 = "Hemma", AI10, 0))) -> 0 | AG10: =IF(AB10 = "Hemma", AJ10, (IF(AB10 = "Borta", AI10, 0))) -> 0 | AH10: =IF(AB10 = "Borta", AK10, (IF(AB10 = "Hemma", AL10, 0))) -> 0 | AI10: 4 | AJ10: 9 | AK10: 7 | AL10: 3
A11: Rosa | B11: 0 | C11: =IF(ISBLANK(A11), "", "-") -> - | D11: 1 | E11: Blå | F11: =IF(AND(B11 <> "", D11 <> ""), IF(B11 > D11, A11, IF(D11 > B11, E11, "Oavgjort")), "") -> Blå | G11: =IF(AND(B11 <> "", D11 <> ""), IF(B11 < D11, A11, IF(D11 < B11, E11, "Oavgjort")), "") -> Rosa | K11: 4 | L11: 5 | P11: 5 | Q11: 4 | U11: 0 | V11: 0 | Z11: 0 | AA11: 0 | AF11: =IF(AB11 = "Borta", AJ11, (IF(AB11 = "Hemma", AI11, 0))) -> 0 | AG11: =IF(AB11 = "Hemma", AJ11, (IF(AB11 = "Borta", AI11, 0))) -> 0 | AH11: =IF(AB11 = "Borta", AK11, (IF(AB11 = "Hemma", AL11, 0))) -> 0 | AI11: 4 | AJ11: 9 | AK11: 7 | AL11: 3
A12: Rosa | B12: 0 | C12: =IF(ISBLANK(A12), "", "-") -> - | D12: 1 | E12: Blå | F12: =IF(AND(B12 <> "", D12 <> ""), IF(B12 > D12, A12, IF(D12 > B12, E12, "Oavgjort")), "") -> Blå | G12: =IF(AND(B12 <> "", D12 <> ""), IF(B12 < D12, A12, IF(D12 < B12, E12, "Oavgjort")), "") -> Rosa | K12: 4 | L12: 5 | P12: 5 | Q12: 4 | U12: 0 | V12: 0 | Z12: 0 | AA12: 0 | AF12: =IF(AB12 = "Borta", AJ12, (IF(AB12 = "Hemma", AI12, 0))) -> 0 | AG12: =IF(AB12 = "Hemma", AJ12, (IF(AB12 = "Borta", AI12, 0))) -> 0 | AH12: =IF(AB12 = "Borta", AK12, (IF(AB12 = "Hemma", AL12, 0))) -> 0 | AI12: 4 | AJ12: 9 | AK12: 7 | AL12: 3
A13: Blå | B13: 0 | C13: =IF(ISBLANK(A13), "", "-") -> - | D13: 1 | E13: Rosa | F13: =IF(AND(B13 <> "", D13 <> ""), IF(B13 > D13, A13, IF(D13 > B13, E13, "Oavgjort")), "") -> Rosa | G13: =IF(AND(B13 <> "", D13 <> ""), IF(B13 < D13, A13, IF(D13 < B13, E13, "Oavgjort")), "") -> Blå | K13: 4 | L13: 5 | P13: 5 | Q13: 4 | U13: 0 | V13: 0 | Z13: 0 | AA13: 0 | AF13: =IF(AB13 = "Borta", AJ13, (IF(AB13 = "Hemma", AI13, 0))) -> 0 | AG13: =IF(AB13 = "Hemma", AJ13, (IF(AB13 = "Borta", AI13, 0))) -> 0 | AH13: =IF(AB13 = "Borta", AK13, (IF(AB13 = "Hemma", AL13, 0))) -> 0 | AI13: 4 | AJ13: 9 | AK13: 7 | AL13: 3
A14: Blå | B14: 2 | C14: =IF(ISBLANK(A14), "", "-") -> - | D14: 0 | E14: Rosa | F14: =IF(AND(B14 <> "", D14 <> ""), IF(B14 > D14, A14, IF(D14 > B14, E14, "Oavgjort")), "") -> Blå | G14: =IF(AND(B14 <> "", D14 <> ""), IF(B14 < D14, A14, IF(D14 < B14, E14, "Oavgjort")), "") -> Rosa | K14: 4 | L14: 5 | P14: 5 | Q14: 4 | U14: 0 | V14: 0 | Z14: 0 | AA14: 0 | AF14: =IF(AB14 = "Borta", AJ14, (IF(AB14 = "Hemma", AI14, 0))) -> 0 | AG14: =IF(AB14 = "Hemma", AJ14, (IF(AB14 = "Borta", AI14, 0))) -> 0 | AH14: =IF(AB14 = "Borta", AK14, (IF(AB14 = "Hemma", AL14, 0))) -> 0 | AI14: 4 | AJ14: 9 | AK14: 7 | AL14: 3
A15: Blå | C15: =IF(ISBLANK(A15), "", "-") -> - | E15: Rosa | F15: =IF(AND(B15 <> "", D15 <> ""), IF(B15 > D15, A15, IF(D15 > B15, E15, "Oavgjort")), "") | G15: =IF(AND(B15 <> "", D15 <> ""), IF(B15 < D15, A15, IF(D15 < B15, E15, "Oavgjort")), "") | K15: 4 | L15: 5 | P15: 5 | Q15: 4 | U15: 0 | V15: 0 | Z15: 0 | AA15: 0 | AF15: =IF(AB15 = "Borta", AJ15, (IF(AB15 = "Hemma", AI15, 0))) -> 0 | AG15: =IF(AB15 = "Hemma", AJ15, (IF(AB15 = "Borta", AI15, 0))) -> 0 | AH15: =IF(AB15 = "Borta", AK15, (IF(AB15 = "Hemma", AL15, 0))) -> 0 | AI15: 4 | AJ15: 9 | AK15: 7 | AL15: 3
A16: Blå | C16: =IF(ISBLANK(A16), "", "-") -> - | E16: Rosa | F16: =IF(AND(B16 <> "", D16 <> ""), IF(B16 > D16, A16, IF(D16 > B16, E16, "Oavgjort")), "") | G16: =IF(AND(B16 <> "", D16 <> ""), IF(B16 < D16, A16, IF(D16 < B16, E16, "Oavgjort")), "") | K16: 4 | L16: 5 | P16: 5 | Q16: 4 | U16: 0 | V16: 0 | Z16: 0 | AA16: 0 | AF16: =IF(AB16 = "Borta", AJ16, (IF(AB16 = "Hemma", AI16, 0))) -> 0 | AG16: =IF(AB16 = "Hemma", AJ16, (IF(AB16 = "Borta", AI16, 0))) -> 0 | AH16: =IF(AB16 = "Borta", AK16, (IF(AB16 = "Hemma", AL16, 0))) -> 0 | AI16: 4 | AJ16: 9 | AK16: 7 | AL16: 3
A17: Rosa | C17: =IF(ISBLANK(A17), "", "-") -> - | E17: Blå | F17: =IF(AND(B17 <> "", D17 <> ""), IF(B17 > D17, A17, IF(D17 > B17, E17, "Oavgjort")), "") | G17: =IF(AND(B17 <> "", D17 <> ""), IF(B17 < D17, A17, IF(D17 < B17, E17, "Oavgjort")), "") | K17: 4 | L17: 5 | P17: 5 | Q17: 4 | U17: 0 | V17: 0 | Z17: 0 | AA17: 0 | AF17: =IF(AB17 = "Borta", AJ17, (IF(AB17 = "Hemma", AI17, 0))) -> 0 | AG17: =IF(AB17 = "Hemma", AJ17, (IF(AB17 = "Borta", AI17, 0))) -> 0 | AH17: =IF(AB17 = "Borta", AK17, (IF(AB17 = "Hemma", AL17, 0))) -> 0 | AI17: 4 | AJ17: 9 | AK17: 7 | AL17: 3
A18: Rosa | C18: =IF(ISBLANK(A18), "", "-") -> - | E18: Blå | F18: =IF(AND(B18 <> "", D18 <> ""), IF(B18 > D18, A18, IF(D18 > B18, E18, "Oavgjort")), "") | G18: =IF(AND(B18 <> "", D18 <> ""), IF(B18 < D18, A18, IF(D18 < B18, E18, "Oavgjort")), "") | K18: 4 | L18: 5 | P18: 5 | Q18: 4 | U18: 0 | V18: 0 | Z18: 0 | AA18: 0 | AF18: =IF(AB18 = "Borta", AJ18, (IF(AB18 = "Hemma", AI18, 0))) -> 0 | AG18: =IF(AB18 = "Hemma", AJ18, (IF(AB18 = "Borta", AI18, 0))) -> 0 | AH18: =IF(AB18 = "Borta", AK18, (IF(AB18 = "Hemma", AL18, 0))) -> 0 | AI18: 4 | AJ18: 9 | AK18: 7 | AL18: 3
A19: Rosa | C19: =IF(ISBLANK(A19), "", "-") -> - | E19: Blå | F19: =IF(AND(B19 <> "", D19 <> ""), IF(B19 > D19, A19, IF(D19 > B19, E19, "Oavgjort")), "") | G19: =IF(AND(B19 <> "", D19 <> ""), IF(B19 < D19, A19, IF(D19 < B19, E19, "Oavgjort")), "") | K19: 4 | L19: 5 | P19: 5 | Q19: 4 | U19: 0 | V19: 0 | Z19: 0 | AA19: 0 | AF19: =IF(AB19 = "Borta", AJ19, (IF(AB19 = "Hemma", AI19, 0))) -> 0 | AG19: =IF(AB19 = "Hemma", AJ19, (IF(AB19 = "Borta", AI19, 0))) -> 0 | AH19: =IF(AB19 = "Borta", AK19, (IF(AB19 = "Hemma", AL19, 0))) -> 0 | AI19: 4 | AJ19: 9 | AK19: 7 | AL19: 3
A20: Rosa | C20: =IF(ISBLANK(A20), "", "-") -> - | E20: Blå | F20: =IF(AND(B20 <> "", D20 <> ""), IF(B20 > D20, A20, IF(D20 > B20, E20, "Oavgjort")), "") | G20: =IF(AND(B20 <> "", D20 <> ""), IF(B20 < D20, A20, IF(D20 < B20, E20, "Oavgjort")), "") | K20: 4 | L20: 5 | P20: 5 | Q20: 4 | U20: 0 | V20: 0 | Z20: 0 | AA20: 0 | AF20: =IF(AB20 = "Borta", AJ20, (IF(AB20 = "Hemma", AI20, 0))) -> 0 | AG20: =IF(AB20 = "Hemma", AJ20, (IF(AB20 = "Borta", AI20, 0))) -> 0 | AH20: =IF(AB20 = "Borta", AK20, (IF(AB20 = "Hemma", AL20, 0))) -> 0 | AI20: 4 | AJ20: 9 | AK20: 7 | AL20: 3
C21: =IF(ISBLANK(A21), "", "-") | F21: =IF(AND(B21 <> "", D21 <> ""), IF(B21 > D21, A21, IF(D21 > B21, E21, "Oavgjort")), "") | G21: =IF(AND(B21 <> "", D21 <> ""), IF(B21 < D21, A21, IF(D21 < B21, E21, "Oavgjort")), "") | K21: 4 | L21: 5 | P21: 5 | Q21: 4 | U21: 0 | V21: 0 | Z21: 0 | AA21: 0 | AF21: =IF(AB21 = "Borta", AJ21, (IF(AB21 = "Hemma", AI21, 0))) -> 0 | AG21: =IF(AB21 = "Hemma", AJ21, (IF(AB21 = "Borta", AI21, 0))) -> 0 | AH21: =IF(AB21 = "Borta", AK21, (IF(AB21 = "Hemma", AL21, 0))) -> 0 | AI21: 4 | AJ21: 9 | AK21: 7 | AL21: 3
C22: =IF(ISBLANK(A22), "", "-") | F22: =IF(AND(B22 <> "", D22 <> ""), IF(B22 > D22, A22, IF(D22 > B22, E22, "Oavgjort")), "") | G22: =IF(AND(B22 <> "", D22 <> ""), IF(B22 < D22, A22, IF(D22 < B22, E22, "Oavgjort")), "") | K22: 4 | L22: 5 | P22: 5 | Q22: 4 | U22: 0 | V22: 0 | Z22: 0 | AA22: 0 | AF22: =IF(AB22 = "Borta", AJ22, (IF(AB22 = "Hemma", AI22, 0))) -> 0 | AG22: =IF(AB22 = "Hemma", AJ22, (IF(AB22 = "Borta", AI22, 0))) -> 0 | AH22: =IF(AB22 = "Borta", AK22, (IF(AB22 = "Hemma", AL22, 0))) -> 0 | AI22: 4 | AJ22: 9 | AK22: 7 | AL22: 3
A24: =IFERROR(__xludf.DUMMYFUNCTION("""Gameweek "" & (VALUE(REGEXEXTRACT(A4, ""Gameweek (\d+)"")) + 1)"),"Gameweek 2") -> Gameweek 2 | H24: =A24 -> Gameweek 2 | K24: Vin. | L24: För. | M24: =A24 -> Gameweek 2 | P24: Vin. | Q24: För. | R24: =A24 -> Gameweek 2 | U24: Vin. | V24: För. | W24: =A24 -> Gameweek 2 | Z24: Vin. | AA24: För. | AB24: =A24 -> Gameweek 2 | AF24: Vin. | AG24: För. | AH24: Nollor | AI24: Temp
A25: Blå | B25: 0 | C25: =IF(ISBLANK(A25), "", "-") -> - | D25: 1 | E25: Rosa | F25: =IF(AND(B25 <> "", D25 <> ""), IF(B25 > D25, A25, IF(D25 > B25, E25, "Oavgjort")), "") -> Rosa | G25: =IF(AND(B25 <> "", D25 <> ""), IF(B25 < D25, A25, IF(D25 < B25, E25, "Oavgjort")), "") -> Blå | H25: Samuel P | I25: 1 | J25: 4 | K25: {=IF(SEQUENCE(18, 1), COUNTIF(F25:F42, $H$2))} -> 1 | L25: {=IF(SEQUENCE(18, 1), COUNTIF(G25:G42, $H$2))} -> 5 | M25: Branislav D | N25: 5 | O25: 2 | P25: {=IF(SEQUENCE(18, 1), COUNTIF(F25:F42, $M$2))} -> 5 | Q25: {=IF(SEQUENCE(18, 1), COUNTIF(G25:G42, $M$2))} -> 1 | R25: Aria A | S25: 0 | T25: 0 | U25: {=IF(SEQUENCE(18, 1), COUNTIF(F25:F42, $R$2))} -> 0 | V25: {=IF(SEQUENCE(18, 1), COUNTIF(G25:G42, $R$2))} -> 0 | X25: 0 | Y25: 0 | Z25: {=IF(SEQUENCE(18, 1), COUNTIF(F25:F42, $W$2))} -> 0 | AA25: {=IF(SEQUENCE(18, 1), COUNTIF(G25:G42, $W$2))} -> 0 | AB25: Hemma | AC25: Einar D | AD25: 0 | AE25: 0 | AF25: 1 | AG25: =IF(AB25 = "Hemma", AJ25, (IF(AB25 = "Borta", AI25, 0))) -> 5 | AH25: =IF(AB25 = "Borta", AK25, (IF(AB25 = "Hemma", AL25, 0))) -> 4 | AI25: {=IF(F25 <> "", SEQUENCE(18,1,1,0)*SUM(IF(A25:A42 = F25:F42, 1, 0)), SEQUENCE(18,1,0,0) )} -> 5 | AJ25: {=IF(G25 <> "", SEQUENCE(18,1,1,0)*SUM(IF(E25:E42 = F25:F42, 1, 0)), SEQUENCE(18,1,0,0) )} -> 5 | AK25: {=IF(SEQUENCE(18, 1), COUNTIF(B25:B42, 0))} -> 4 | AL25: {=IF(SEQUENCE(18, 1), COUNTIF(D25:D42, 0))} -> 4
A26: Blå | B26: 0 | C26: =IF(ISBLANK(A26), "", "-") -> - | D26: 0 | E26: Rosa | F26: =IF(AND(B26 <> "", D26 <> ""), IF(B26 > D26, A26, IF(D26 > B26, E26, "Oavgjort")), "") -> Oavgjort | G26: =IF(AND(B26 <> "", D26 <> ""), IF(B26 < D26, A26, IF(D26 < B26, E26, "Oavgjort")), "") -> Oavgjort | H26: Emil F | I26: 4 | J26: 0 | K26: 1 | L26: 5 | M26: Oliver G | N26: 3 | O26: 3 | P26: 5 | Q26: 1 | R26: Pontus S | S26: 0 | T26: 0 | U26: 0 | V26: 0 | X26: 0 | Y26: 0 | Z26: 0 | AA26: 0 | AB26: Borta | AC26: Emil B | AD26: 1 | AE26: 1 | AF26: =IF(AB26 = "Borta", AJ26, (IF(AB26 = "Hemma", AI26, 0))) -> 5 | AG26: 1 | AH26: =IF(AB26 = "Borta", AK26, (IF(AB26 = "Hemma", AL26, 0))) -> 4 | AI26: 5 | AJ26: 5 | AK26: 4 | AL26: 4
A27: Blå | B27: 0 | C27: =IF(ISBLANK(A27), "", "-") -> - | D27: 1 | E27: Rosa | F27: =IF(AND(B27 <> "", D27 <> ""), IF(B27 > D27, A27, IF(D27 > B27, E27, "Oavgjort")), "") -> Rosa | G27: =IF(AND(B27 <> "", D27 <> ""), IF(B27 < D27, A27, IF(D27 < B27, E27, "Oavgjort")), "") -> Blå | H27: Isak L | I27: 0 | J27: 1 | K27: 1 | L27: 5 | M27: Oskar R | N27: 1 | O27: 2 | P27: 5 | Q27: 1 | R27: Jesper N | S27: 0 | T27: 0 | U27: 0 | V27: 0 | X27: 0 | Y27: 0 | Z27: 0 | AA27: 0 | AF27: =IF(AB27 = "Borta", AJ27, (IF(AB27 = "Hemma", AI27, 0))) -> 0 | AG27: =IF(AB27 = "Hemma", AJ27, (IF(AB27 = "Borta", AI27, 0))) -> 0 | AH27: =IF(AB27 = "Borta", AK27, (IF(AB27 = "Hemma", AL27, 0))) -> 0 | AI27: 5 | AJ27: 5 | AK27: 4 | AL27: 4
A28: Blå | B28: 1 | C28: =IF(ISBLANK(A28), "", "-") -> - | D28: 2 | E28: Rosa | F28: =IF(AND(B28 <> "", D28 <> ""), IF(B28 > D28, A28, IF(D28 > B28, E28, "Oavgjort")), "") -> Rosa | G28: =IF(AND(B28 <> "", D28 <> ""), IF(B28 < D28, A28, IF(D28 < B28, E28, "Oavgjort")), "") -> Blå | H28: Daniel K | I28: 0 | J28: 0 | K28: 1 | L28: 5 | M28: Magnus D | N28: 1 | O28: 3 | P28: 5 | Q28: 1 | S28: 0 | T28: 0 | U28: 0 | V28: 0 | X28: 0 | Y28: 0 | Z28: 0 | AA28: 0 | AF28: =IF(AB28 = "Borta", AJ28, (IF(AB28 = "Hemma", AI28, 0))) -> 0 | AG28: =IF(AB28 = "Hemma", AJ28, (IF(AB28 = "Borta", AI28, 0))) -> 0 | AH28: =IF(AB28 = "Borta", AK28, (IF(AB28 = "Hemma", AL28, 0))) -> 0 | AI28: 5 | AJ28: 5 | AK28: 4 | AL28: 4
A29: Rosa | B29: 0 | C29: =IF(ISBLANK(A29), "", "-") -> - | D29: 0 | E29: Blå | F29: =IF(AND(B29 <> "", D29 <> ""), IF(B29 > D29, A29, IF(D29 > B29, E29, "Oavgjort")), "") -> Oavgjort | G29: =IF(AND(B29 <> "", D29 <> ""), IF(B29 < D29, A29, IF(D29 < B29, E29, "Oavgjort")), "") -> Oavgjort | H29: Jakob S | I29: 1 | J29: 1 | K29: 1 | L29: 5 | N29: 0 | O29: 0 | P29: 5 | Q29: 1 | S29: 0 | T29: 0 | U29: 0 | V29: 0 | X29: 0 | Y29: 0 | Z29: 0 | AA29: 0 | AF29: =IF(AB29 = "Borta", AJ29, (IF(AB29 = "Hemma", AI29, 0))) -> 0 | AG29: =IF(AB29 = "Hemma", AJ29, (IF(AB29 = "Borta", AI29, 0))) -> 0 | AH29: =IF(AB29 = "Borta", AK29, (IF(AB29 = "Hemma", AL29, 0))) -> 0 | AI29: 5 | AJ29: 5 | AK29: 4 | AL29: 4
A30: Rosa | B30: 2 | C30: =IF(ISBLANK(A30), "", "-") -> - | D30: 0 | E30: Blå | F30: =IF(AND(B30 <> "", D30 <> ""), IF(B30 > D30, A30, IF(D30 > B30, E30, "Oavgjort")), "") -> Rosa | G30: =IF(AND(B30 <> "", D30 <> ""), IF(B30 < D30, A30, IF(D30 < B30, E30, "Oavgjort")), "") -> Blå | I30: 0 | J30: 0 | K30: 1 | L30: 5 | N30: 0 | O30: 0 | P30: 5 | Q30: 1 | S30: 0 | T30: 0 | U30: 0 | V30: 0 | X30: 0 | Y30: 0 | Z30: 0 | AA30: 0 | AF30: =IF(AB30 = "Borta", AJ30, (IF(AB30 = "Hemma", AI30, 0))) -> 0 | AG30: =IF(AB30 = "Hemma", AJ30, (IF(AB30 = "Borta", AI30, 0))) -> 0 | AH30: =IF(AB30 = "Borta", AK30, (IF(AB30 = "Hemma", AL30, 0))) -> 0 | AI30: 5 | AJ30: 5 | AK30: 4 | AL30: 4
A31: Rosa | B31: 3 | C31: =IF(ISBLANK(A31), "", "-") -> - | D31: 0 | E31: Blå | F31: =IF(AND(B31 <> "", D31 <> ""), IF(B31 > D31, A31, IF(D31 > B31, E31, "Oavgjort")), "") -> Rosa | G31: =IF(AND(B31 <> "", D31 <> ""), IF(B31 < D31, A31, IF(D31 < B31, E31, "Oavgjort")), "") -> Blå | I31: 0 | J31: 0 | K31: 1 | L31: 5 | N31: 0 | O31: 0 | P31: 5 | Q31: 1 | S31: 0 | T31: 0 | U31: 0 | V31: 0 | X31: 0 | Y31: 0 | Z31: 0 | AA31: 0 | AF31: =IF(AB31 = "Borta", AJ31, (IF(AB31 = "Hemma", AI31, 0))) -> 0 | AG31: =IF(AB31 = "Hemma", AJ31, (IF(AB31 = "Borta", AI31, 0))) -> 0 | AH31: =IF(AB31 = "Borta", AK31, (IF(AB31 = "Hemma", AL31, 0))) -> 0 | AI31: 5 | AJ31: 5 | AK31: 4 | AL31: 4
A32: Rosa | B32: 2 | C32: =IF(ISBLANK(A32), "", "-") -> - | D32: 2 | E32: Blå | F32: =IF(AND(B32 <> "", D32 <> ""), IF(B32 > D32, A32, IF(D32 > B32, E32, "Oavgjort")), "") -> Oavgjort | G32: =IF(AND(B32 <> "", D32 <> ""), IF(B32 < D32, A32, IF(D32 < B32, E32, "Oavgjort")), "") -> Oavgjort | K32: 1 | L32: 5 | P32: 5 | Q32: 1 | U32: 0 | V32: 0 | Z32: 0 | AA32: 0 | AF32: =IF(AB32 = "Borta", AJ32, (IF(AB32 = "Hemma", AI32, 0))) -> 0 | AG32: =IF(AB32 = "Hemma", AJ32, (IF(AB32 = "Borta", AI32, 0))) -> 0 | AH32: =IF(AB32 = "Borta", AK32, (IF(AB32 = "Hemma", AL32, 0))) -> 0 | AI32: 5 | AJ32: 5 | AK32: 4 | AL32: 4
A33: Blå | B33: 1 | C33: =IF(ISBLANK(A33), "", "-") -> - | D33: 1 | E33: Rosa | F33: =IF(AND(B33 <> "", D33 <> ""), IF(B33 > D33, A33, IF(D33 > B33, E33, "Oavgjort")), "") -> Oavgjort | G33: =IF(AND(B33 <> "", D33 <> ""), IF(B33 < D33, A33, IF(D33 < B33, E33, "Oavgjort")), "") -> Oavgjort | K33: 1 | L33: 5 | P33: 5 | Q33: 1 | U33: 0 | V33: 0 | Z33: 0 | AA33: 0 | AF33: =IF(AB33 = "Borta", AJ33, (IF(AB33 = "Hemma", AI33, 0))) -> 0 | AG33: =IF(AB33 = "Hemma", AJ33, (IF(AB33 = "Borta", AI33, 0))) -> 0 | AH33: =IF(AB33 = "Borta", AK33, (IF(AB33 = "Hemma", AL33, 0))) -> 0 | AI33: 5 | AJ33: 5 | AK33: 4 | AL33: 4
A34: Blå | B34: 2 | C34: =IF(ISBLANK(A34), "", "-") -> - | D34: 1 | E34: Rosa | F34: =IF(AND(B34 <> "", D34 <> ""), IF(B34 > D34, A34, IF(D34 > B34, E34, "Oavgjort")), "") -> Blå | G34: =IF(AND(B34 <> "", D34 <> ""), IF(B34 < D34, A34, IF(D34 < B34, E34, "Oavgjort")), "") -> Rosa | K34: 1 | L34: 5 | P34: 5 | Q34: 1 | U34: 0 | V34: 0 | Z34: 0 | AA34: 0 | AF34: =IF(AB34 = "Borta", AJ34, (IF(AB34 = "Hemma", AI34, 0))) -> 0 | AG34: =IF(AB34 = "Hemma", AJ34, (IF(AB34 = "Borta", AI34, 0))) -> 0 | AH34: =IF(AB34 = "Borta", AK34, (IF(AB34 = "Hemma", AL34, 0))) -> 0 | AI34: 5 | AJ34: 5 | AK34: 4 | AL34: 4
A35: Blå | C35: =IF(ISBLANK(A35), "", "-") -> - | E35: Rosa | F35: =IF(AND(B35 <> "", D35 <> ""), IF(B35 > D35, A35, IF(D35 > B35, E35, "Oavgjort")), "") | G35: =IF(AND(B35 <> "", D35 <> ""), IF(B35 < D35, A35, IF(D35 < B35, E35, "Oavgjort")), "") | K35: 1 | L35: 5 | P35: 5 | Q35: 1 | U35: 0 | V35: 0 | Z35: 0 | AA35: 0 | AF35: =IF(AB35 = "Borta", AJ35, (IF(AB35 = "Hemma", AI35, 0))) -> 0 | AG35: =IF(AB35 = "Hemma", AJ35, (IF(AB35 = "Borta", AI35, 0))) -> 0 | AH35: =IF(AB35 = "Borta", AK35, (IF(AB35 = "Hemma", AL35, 0))) -> 0 | AI35: 5 | AJ35: 5 | AK35: 4 | AL35: 4
A36: Blå | C36: =IF(ISBLANK(A36), "", "-") -> - | E36: Rosa | F36: =IF(AND(B36 <> "", D36 <> ""), IF(B36 > D36, A36, IF(D36 > B36, E36, "Oavgjort")), "") | G36: =IF(AND(B36 <> "", D36 <> ""), IF(B36 < D36, A36, IF(D36 < B36, E36, "Oavgjort")), "") | K36: 1 | L36: 5 | P36: 5 | Q36: 1 | U36: 0 | V36: 0 | Z36: 0 | AA36: 0 | AF36: =IF(AB36 = "Borta", AJ36, (IF(AB36 = "Hemma", AI36, 0))) -> 0 | AG36: =IF(AB36 = "Hemma", AJ36, (IF(AB36 = "Borta", AI36, 0))) -> 0 | AH36: =IF(AB36 = "Borta", AK36, (IF(AB36 = "Hemma", AL36, 0))) -> 0 | AI36: 5 | AJ36: 5 | AK36: 4 | AL36: 4
A37: Rosa | C37: =IF(ISBLANK(A37), "", "-") -> - | E37: Blå | F37: =IF(AND(B37 <> "", D37 <> ""), IF(B37 > D37, A37, IF(D37 > B37, E37, "Oavgjort")), "") | G37: =IF(AND(B37 <> "", D37 <> ""), IF(B37 < D37, A37, IF(D37 < B37, E37, "Oavgjort")), "") | K37: 1 | L37: 5 | P37: 5 | Q37: 1 | U37: 0 | V37: 0 | Z37: 0 | AA37: 0 | AF37: =IF(AB37 = "Borta", AJ37, (IF(AB37 = "Hemma", AI37, 0))) -> 0 | AG37: =IF(AB37 = "Hemma", AJ37, (IF(AB37 = "Borta", AI37, 0))) -> 0 | AH37: =IF(AB37 = "Borta", AK37, (IF(AB37 = "Hemma", AL37, 0))) -> 0 | AI37: 5 | AJ37: 5 | AK37: 4 | AL37: 4
A38: Rosa | C38: =IF(ISBLANK(A38), "", "-") -> - | E38: Blå | F38: =IF(AND(B38 <> "", D38 <> ""), IF(B38 > D38, A38, IF(D38 > B38, E38, "Oavgjort")), "") | G38: =IF(AND(B38 <> "", D38 <> ""), IF(B38 < D38, A38, IF(D38 < B38, E38, "Oavgjort")), "") | K38: 1 | L38: 5 | P38: 5 | Q38: 1 | U38: 0 | V38: 0 | Z38: 0 | AA38: 0 | AF38: =IF(AB38 = "Borta", AJ38, (IF(AB38 = "Hemma", AI38, 0))) -> 0 | AG38: =IF(AB38 = "Hemma", AJ38, (IF(AB38 = "Borta", AI38, 0))) -> 0 | AH38: =IF(AB38 = "Borta", AK38, (IF(AB38 = "Hemma", AL38, 0))) -> 0 | AI38: 5 | AJ38: 5 | AK38: 4 | AL38: 4
A39: Rosa | C39: =IF(ISBLANK(A39), "", "-") -> - | E39: Blå | F39: =IF(AND(B39 <> "", D39 <> ""), IF(B39 > D39, A39, IF(D39 > B39, E39, "Oavgjort")), "") | G39: =IF(AND(B39 <> "", D39 <> ""), IF(B39 < D39, A39, IF(D39 < B39, E39, "Oavgjort")), "") | K39: 1 | L39: 5 | P39: 5 | Q39: 1 | U39: 0 | V39: 0 | Z39: 0 | AA39: 0 | AF39: =IF(AB39 = "Borta", AJ39, (IF(AB39 = "Hemma", AI39, 0))) -> 0 | AG39: =IF(AB39 = "Hemma", AJ39, (IF(AB39 = "Borta", AI39, 0))) -> 0 | AH39: =IF(AB39 = "Borta", AK39, (IF(AB39 = "Hemma", AL39, 0))) -> 0 | AI39: 5 | AJ39: 5 | AK39: 4 | AL39: 4
A40: Rosa | C40: =IF(ISBLANK(A40), "", "-") -> - | E40: Blå | F40: =IF(AND(B40 <> "", D40 <> ""), IF(B40 > D40, A40, IF(D40 > B40, E40, "Oavgjort")), "") | G40: =IF(AND(B40 <> "", D40 <> ""), IF(B40 < D40, A40, IF(D40 < B40, E40, "Oavgjort")), "") | K40: 1 | L40: 5 | P40: 5 | Q40: 1 | U40: 0 | V40: 0 | Z40: 0 | AA40: 0 | AF40: =IF(AB40 = "Borta", AJ40, (IF(AB40 = "Hemma", AI40, 0))) -> 0 | AG40: =IF(AB40 = "Hemma", AJ40, (IF(AB40 = "Borta", AI40, 0))) -> 0 | AH40: =IF(AB40 = "Borta", AK40, (IF(AB40 = "Hemma", AL40, 0))) -> 0 | AI40: 5 | AJ40: 5 | AK40: 4 | AL40: 4
C41: =IF(ISBLANK(A41), "", "-") | F41: =IF(AND(B41 <> "", D41 <> ""), IF(B41 > D41, A41, IF(D41 > B41, E41, "Oavgjort")), "") | G41: =IF(AND(B41 <> "", D41 <> ""), IF(B41 < D41, A41, IF(D41 < B41, E41, "Oavgjort")), "") | K41: 1 | L41: 5 | P41: 5 | Q41: 1 | U41: 0 | V41: 0 | Z41: 0 | AA41: 0 | AF41: =IF(AB41 = "Borta", AJ41, (IF(AB41 = "Hemma", AI41, 0))) -> 0 | AG41: =IF(AB41 = "Hemma", AJ41, (IF(AB41 = "Borta", AI41, 0))) -> 0 | AH41: =IF(AB41 = "Borta", AK41, (IF(AB41 = "Hemma", AL41, 0))) -> 0 | AI41: 5 | AJ41: 5 | AK41: 4 | AL41: 4
C42: =IF(ISBLANK(A42), "", "-") | K42: 1 | L42: 5 | P42: 5 | Q42: 1 | U42: 0 | V42: 0 | Z42: 0 | AA42: 0 | AF42: =IF(AB42 = "Borta", AJ42, (IF(AB42 = "Hemma", AI42, 0))) -> 0 | AG42: =IF(AB42 = "Hemma", AJ42, (IF(AB42 = "Borta", AI42, 0))) -> 0 | AH42: =IF(AB42 = "Borta", AK42, (IF(AB42 = "Hemma", AL42, 0))) -> 0 | AI42: 5 | AJ42: 5 | AK42: 4 | AL42: 4
A44: =IFERROR(__xludf.DUMMYFUNCTION("""Gameweek "" & (VALUE(REGEXEXTRACT(A24, ""Gameweek (\d+)"")) + 1)"),"Gameweek 3") -> Gameweek 3 | H44: =A44 -> Gameweek 3 | K44: Vin. | L44: För. | M44: =A44 -> Gameweek 3 | P44: Vin. | Q44: För. | R44: =A44 -> Gameweek 3 | U44: Vin. | V44: För. | W44: =A44 -> Gameweek 3 | Z44: Vin. | AA44: För. | AB44: =A44 -> Gameweek 3 | AF44: Vin. | AG44: För. | AH44: Nollor | AI44: Temp
A45: =IFERROR(__xludf.DUMMYFUNCTION("IFERROR(ARRAYFORMULA(FLATTEN(SPLIT(REPT(TEXTJOIN("","", TRUE, FILTER({H$2, M$2, R$2}, {H45, M45, R45} <> """")) & "","", CEILING(18 / COUNTA(FILTER({H$2, M$2, R$2}, {H45, M45, R45} <> """")))), "",""))), """") "),"Blå") -> Blå | B45: 2 | C45: =IF(ISBLANK(A45), "", "-") -> - | D45: 1 | E45: {={A62; A45:A61}} -> Grön | F45: =IF(AND(B45 <> "", D45 <> ""), IF(B45 > D45, A45, IF(D45 > B45, E45, "Oavgjort")), "") -> Blå | G45: =IF(AND(B45 <> "", D45 <> ""), IF(B45 < D45, A45, IF(D45 < B45, E45, "Oavgjort")), "") -> Grön | H45: Albert A | I45: 1 | J45: 1 | K45: {=IF(SEQUENCE(18, 1), COUNTIF(F45:F62, $H$2))} -> 3 | L45: {=IF(SEQUENCE(18, 1), COUNTIF(G45:G62, $H$2))} -> 2 | M45: Shoresh A | N45: 2 | O45: 1 | P45: {=IF(SEQUENCE(18, 1), COUNTIF(F45:F62, $M$2))} -> 6 | Q45: {=IF(SEQUENCE(18, 1), COUNTIF(G45:G62, $M$2))} -> 0 | R45: Casper W | S45: 1 | T45: 0 | U45: {=IF(SEQUENCE(18, 1), COUNTIF(F45:F62, $R$2))} -> 0 | V45: {=IF(SEQUENCE(18, 1), COUNTIF(G45:G62, $R$2))} -> 7 | X45: 0 | Y45: 0 | Z45: {=IF(SEQUENCE(18, 1), COUNTIF(F45:F62, $W$2))} -> 0 | AA45: {=IF(SEQUENCE(18, 1), COUNTIF(G45:G62, $W$2))} -> 0 | AB45: Hemma | AC45: Einar D | AD45: 0 | AE45: 0 | AF45: =IF(AB45 = "Borta", AJ45, (IF(AB45 = "Hemma", AI45, 0))) -> 5 | AG45: =IF(AB45 = "Hemma", AJ45, (IF(AB45 = "Borta", AI45, 0))) -> 4 | AH45: =IF(AB45 = "Borta", AK45, (IF(AB45 = "Hemma", AL45, 0))) -> 5 | AI45: {=IF(F45 <> "", SEQUENCE(18,1,1,0)*SUM(IF(A45:A62 = F45:F62, 1, 0)), SEQUENCE(18,1,0,0) )} -> 5 | AJ45: {=IF(G45 <> "", SEQUENCE(18,1,1,0)*SUM(IF(E45:E62 = F45:F62, 1, 0)), SEQUENCE(18,1,0,0) )} -> 4 | AK45: {=IF(SEQUENCE(18, 1), COUNTIF(B45:B62, 0))} -> 5 | AL45: {=IF(SEQUENCE(18, 1), COUNTIF(D45:D62, 0))} -> 5
A46: =IFERROR(__xludf.DUMMYFUNCTION("""COMPUTED_VALUE"""),"Rosa") -> Rosa | B46: 0 | C46: =IF(ISBLANK(A46), "", "-") -> - | D46: 0 | E46: Blå | F46: =IF(AND(B46 <> "", D46 <> ""), IF(B46 > D46, A46, IF(D46 > B46, E46, "Oavgjort")), "") -> Oavgjort | G46: =IF(AND(B46 <> "", D46 <> ""), IF(B46 < D46, A46, IF(D46 < B46, E46, "Oavgjort")), "") -> Oavgjort | H46: Shahir I | I46: 0 | J46: 1 | K46: 3 | L46: 2 | M46: Fredrik C | N46: 3 | O46: 4 | P46: 6 | Q46: 0 | R46: Immanuel A | S46: 1 | T46: 1 | U46: 0 | V46: 7 | X46: 0 | Y46: 0 | Z46: 0 | AA46: 0 | AB46: Borta | AC46: Emil B | AD46: 0 | AE46: 0 | AF46: =IF(AB46 = "Borta", AJ46, (IF(AB46 = "Hemma", AI46, 0))) -> 4 | AG46: =IF(AB46 = "Hemma", AJ46, (IF(AB46 = "Borta", AI46, 0))) -> 5 | AH46: =IF(AB46 = "Borta", AK46, (IF(AB46 = "Hemma", AL46, 0))) -> 5 | AI46: 5 | AJ46: 4 | AK46: 5 | AL46: 5
A47: =IFERROR(__xludf.DUMMYFUNCTION("""COMPUTED_VALUE"""),"Grön") -> Grön | B47: 0 | C47: - | D47: 4 | E47: Rosa | F47: =IF(AND(B47 <> "", D47 <> ""), IF(B47 > D47, A47, IF(D47 > B47, E47, "Oavgjort")), "") -> Rosa | G47: =IF(AND(B47 <> "", D47 <> ""), IF(B47 < D47, A47, IF(D47 < B47, E47, "Oavgjort")), "") -> Grön | H47: Eskil K | I47: 4 | J47: 0 | K47: 3 | L47: 2 | M47: Branislav D | N47: 4 | O47: 3 | P47: 6 | Q47: 0 | R47: Oliver G | S47: 0 | T47: 0 | U47: 0 | V47: 7 | X47: 0 | Y47: 0 | Z47: 0 | AA47: 0 | AF47: =IF(AB47 = "Borta", AJ47, (IF(AB47 = "Hemma", AI47, 0))) -> 0 | AG47: =IF(AB47 = "Hemma", AJ47, (IF(AB47 = "Borta", AI47, 0))) -> 0 | AH47: =IF(AB47 = "Borta", AK47, (IF(AB47 = "Hemma", AL47, 0))) -> 0 | AI47: 5 | AJ47: 4 | AK47: 5 | AL47: 5
A48: =IFERROR(__xludf.DUMMYFUNCTION("""COMPUTED_VALUE"""),"Blå") -> Blå | B48: 2 | C48: =IF(ISBLANK(A48), "", "-") -> - | D48: 0 | E48: Grön | F48: =IF(AND(B48 <> "", D48 <> ""), IF(B48 > D48, A48, IF(D48 > B48, E48, "Oavgjort")), "") -> Blå | G48: =IF(AND(B48 <> "", D48 <> ""), IF(B48 < D48, A48, IF(D48 < B48, E48, "Oavgjort")), "") -> Grön | H48: Oskar R | I48: 1 | J48: 0 | K48: 3 | L48: 2 | M48: Jakob S | N48: 7 | O48: 2 | P48: 6 | Q48: 0 | R48: William X | S48: 0 | T48: 0 | U48: 0 | V48: 7 | X48: 0 | Y48: 0 | Z48: 0 | AA48: 0 | AF48: =IF(AB48 = "Borta", AJ48, (IF(AB48 = "Hemma", AI48, 0))) -> 0 | AG48: =IF(AB48 = "Hemma", AJ48, (IF(AB48 = "Borta", AI48, 0))) -> 0 | AH48: =IF(AB48 = "Borta", AK48, (IF(AB48 = "Hemma", AL48, 0))) -> 0 | AI48: 5 | AJ48: 4 | AK48: 5 | AL48: 5
A49: =IFERROR(__xludf.DUMMYFUNCTION("""COMPUTED_VALUE"""),"Rosa") -> Rosa | B49: 1 | C49: =IF(ISBLANK(A49), "", "-") -> - | D49: 0 | E49: Blå | F49: =IF(AND(B49 <> "", D49 <> ""), IF(B49 > D49, A49, IF(D49 > B49, E49, "Oavgjort")), "") -> Rosa | G49: =IF(AND(B49 <> "", D49 <> ""), IF(B49 < D49, A49, IF(D49 < B49, E49, "Oavgjort")), "") -> Blå | H49: Pontus B | I49: 3 | J49: 2 | K49: 3 | L49: 2 | M49: Sebastian E | N49: 0 | O49: 2 | P49: 6 | Q49: 0 | R49: Yvan I | S49: 0 | T49: 0 | U49: 0 | V49: 7 | X49: 0 | Y49: 0 | Z49: 0 | AA49: 0 | AF49: =IF(AB49 = "Borta", AJ49, (IF(AB49 = "Hemma", AI49, 0))) -> 0 | AG49: =IF(AB49 = "Hemma", AJ49, (IF(AB49 = "Borta", AI49, 0))) -> 0 | AH49: =IF(AB49 = "Borta", AK49, (IF(AB49 = "Hemma", AL49, 0))) -> 0 | AI49: 5 | AJ49: 4 | AK49: 5 | AL49: 5
A50: =IFERROR(__xludf.DUMMYFUNCTION("""COMPUTED_VALUE"""),"Grön") -> Grön | B50: 0 | C50: =IF(ISBLANK(A50), "", "-") -> - | D50: 2 | E50: Rosa | F50: =IF(AND(B50 <> "", D50 <> ""), IF(B50 > D50, A50, IF(D50 > B50, E50, "Oavgjort")), "") -> Rosa | G50: =IF(AND(B50 <> "", D50 <> ""), IF(B50 < D50, A50, IF(D50 < B50, E50, "Oavgjort")), "") -> Grön | I50: 0 | J50: 0 | K50: 3 | L50: 2 | N50: 0 | O50: 0 | P50: 6 | Q50: 0 | S50: 0 | T50: 0 | U50: 0 | V50: 7 | X50: 0 | Y50: 0 | Z50: 0 | AA50: 0 | AF50: =IF(AB50 = "Borta", AJ50, (IF(AB50 = "Hemma", AI50, 0))) -> 0 | AG50: =IF(AB50 = "Hemma", AJ50, (IF(AB50 = "Borta", AI50, 0))) -> 0 | AH50: =IF(AB50 = "Borta", AK50, (IF(AB50 = "Hemma", AL50, 0))) -> 0 | AI50: 5 | AJ50: 4 | AK50: 5 | AL50: 5
A51: =IFERROR(__xludf.DUMMYFUNCTION("""COMPUTED_VALUE"""),"Blå") -> Blå | B51: 2 | C51: =IF(ISBLANK(A51), "", "-") -> - | D51: 0 | E51: Grön | F51: =IF(AND(B51 <> "", D51 <> ""), IF(B51 > D51, A51, IF(D51 > B51, E51, "Oavgjort")), "") -> Blå | G51: =IF(AND(B51 <> "", D51 <> ""), IF(B51 < D51, A51, IF(D51 < B51, E51, "Oavgjort")), "") -> Grön | I51: 0 | J51: 0 | K51: 3 | L51: 2 | N51: 0 | O51: 0 | P51: 6 | Q51: 0 | S51: 0 | T51: 0 | U51: 0 | V51: 7 | X51: 0 | Y51: 0 | Z51: 0 | AA51: 0 | AF51: =IF(AB51 = "Borta", AJ51, (IF(AB51 = "Hemma", AI51, 0))) -> 0 | AG51: =IF(AB51 = "Hemma", AJ51, (IF(AB51 = "Borta", AI51, 0))) -> 0 | AH51: =IF(AB51 = "Borta", AK51, (IF(AB51 = "Hemma", AL51, 0))) -> 0 | AI51: 5 | AJ51: 4 | AK51: 5 | AL51: 5
A52: =IFERROR(__xludf.DUMMYFUNCTION("""COMPUTED_VALUE"""),"Rosa") -> Rosa | B52: 1 | C52: =IF(ISBLANK(A52), "", "-") -> - | D52: 1 | E52: Blå | F52: =IF(AND(B52 <> "", D52 <> ""), IF(B52 > D52, A52, IF(D52 > B52, E52, "Oavgjort")), "") -> Oavgjort | G52: =IF(AND(B52 <> "", D52 <> ""), IF(B52 < D52, A52, IF(D52 < B52, E52, "Oavgjort")), "") -> Oavgjort | K52: 3 | L52: 2 | P52: 6 | Q52: 0 | U52: 0 | V52: 7 | Z52: 0 | AA52: 0 | AF52: =IF(AB52 = "Borta", AJ52, (IF(AB52 = "Hemma", AI52, 0))) -> 0 | AG52: =IF(AB52 = "Hemma", AJ52, (IF(AB52 = "Borta", AI52, 0))) -> 0 | AH52: =IF(AB52 = "Borta", AK52, (IF(AB52 = "Hemma", AL52, 0))) -> 0 | AI52: 5 | AJ52: 4 | AK52: 5 | AL52: 5
A53: =IFERROR(__xludf.DUMMYFUNCTION("""COMPUTED_VALUE"""),"Grön") -> Grön | B53: 1 | C53: =IF(ISBLANK(A53), "", "-") -> - | D53: 2 | E53: Rosa | F53: =IF(AND(B53 <> "", D53 <> ""), IF(B53 > D53, A53, IF(D53 > B53, E53, "Oavgjort")), "") -> Rosa | G53: =IF(AND(B53 <> "", D53 <> ""), IF(B53 < D53, A53, IF(D53 < B53, E53, "Oavgjort")), "") -> Grön | K53: 3 | L53: 2 | P53: 6 | Q53: 0 | U53: 0 | V53: 7 | Z53: 0 | AA53: 0 | AF53: =IF(AB53 = "Borta", AJ53, (IF(AB53 = "Hemma", AI53, 0))) -> 0 | AG53: =IF(AB53 = "Hemma", AJ53, (IF(AB53 = "Borta", AI53, 0))) -> 0 | AH53: =IF(AB53 = "Borta", AK53, (IF(AB53 = "Hemma", AL53, 0))) -> 0 | AI53: 5 | AJ53: 4 | AK53: 5 | AL53: 5
A54: =IFERROR(__xludf.DUMMYFUNCTION("""COMPUTED_VALUE"""),"Blå") -> Blå | B54: 0 | C54: =IF(ISBLANK(A54), "", "-") -> - | D54: 0 | E54: Grön | F54: =IF(AND(B54 <> "", D54 <> ""), IF(B54 > D54, A54, IF(D54 > B54, E54, "Oavgjort")), "") -> Oavgjort | G54: =IF(AND(B54 <> "", D54 <> ""), IF(B54 < D54, A54, IF(D54 < B54, E54, "Oavgjort")), "") -> Oavgjort | K54: 3 | L54: 2 | P54: 6 | Q54: 0 | U54: 0 | V54: 7 | Z54: 0 | AA54: 0 | AF54: =IF(AB54 = "Borta", AJ54, (IF(AB54 = "Hemma", AI54, 0))) -> 0 | AG54: =IF(AB54 = "Hemma", AJ54, (IF(AB54 = "Borta", AI54, 0))) -> 0 | AH54: =IF(AB54 = "Borta", AK54, (IF(AB54 = "Hemma", AL54, 0))) -> 0 | AI54: 5 | AJ54: 4 | AK54: 5 | AL54: 5
A55: =IFERROR(__xludf.DUMMYFUNCTION("""COMPUTED_VALUE"""),"Rosa") -> Rosa | B55: 2 | C55: =IF(ISBLANK(A55), "", "-") -> - | D55: 1 | E55: Blå | F55: =IF(AND(B55 <> "", D55 <> ""), IF(B55 > D55, A55, IF(D55 > B55, E55, "Oavgjort")), "") -> Rosa | G55: =IF(AND(B55 <> "", D55 <> ""), IF(B55 < D55, A55, IF(D55 < B55, E55, "Oavgjort")), "") -> Blå | K55: 3 | L55: 2 | P55: 6 | Q55: 0 | U55: 0 | V55: 7 | Z55: 0 | AA55: 0 | AF55: =IF(AB55 = "Borta", AJ55, (IF(AB55 = "Hemma", AI55, 0))) -> 0 | AG55: =IF(AB55 = "Hemma", AJ55, (IF(AB55 = "Borta", AI55, 0))) -> 0 | AH55: =IF(AB55 = "Borta", AK55, (IF(AB55 = "Hemma", AL55, 0))) -> 0 | AI55: 5 | AJ55: 4 | AK55: 5 | AL55: 5
A56: =IFERROR(__xludf.DUMMYFUNCTION("""COMPUTED_VALUE"""),"Grön") -> Grön | B56: 0 | C56: =IF(ISBLANK(A56), "", "-") -> - | D56: 3 | E56: Rosa | F56: =IF(AND(B56 <> "", D56 <> ""), IF(B56 > D56, A56, IF(D56 > B56, E56, "Oavgjort")), "") -> Rosa | G56: =IF(AND(B56 <> "", D56 <> ""), IF(B56 < D56, A56, IF(D56 < B56, E56, "Oavgjort")), "") -> Grön | K56: 3 | L56: 2 | P56: 6 | Q56: 0 | U56: 0 | V56: 7 | Z56: 0 | AA56: 0 | AF56: =IF(AB56 = "Borta", AJ56, (IF(AB56 = "Hemma", AI56, 0))) -> 0 | AG56: =IF(AB56 = "Hemma", AJ56, (IF(AB56 = "Borta", AI56, 0))) -> 0 | AH56: =IF(AB56 = "Borta", AK56, (IF(AB56 = "Hemma", AL56, 0))) -> 0 | AI56: 5 | AJ56: 4 | AK56: 5 | AL56: 5
A57: =IFERROR(__xludf.DUMMYFUNCTION("""COMPUTED_VALUE"""),"Blå") -> Blå | B57: 2 | C57: =IF(ISBLANK(A57), "", "-") -> - | E57: Grön | F57: =IF(AND(B57 <> "", D57 <> ""), IF(B57 > D57, A57, IF(D57 > B57, E57, "Oavgjort")), "") | G57: =IF(AND(B57 <> "", D57 <> ""), IF(B57 < D57, A57, IF(D57 < B57, E57, "Oavgjort")), "") | K57: 3 | L57: 2 | P57: 6 | Q57: 0 | U57: 0 | V57: 7 | Z57: 0 | AA57: 0 | AF57: =IF(AB57 = "Borta", AJ57, (IF(AB57 = "Hemma", AI57, 0))) -> 0 | AG57: =IF(AB57 = "Hemma", AJ57, (IF(AB57 = "Borta", AI57, 0))) -> 0 | AH57: =IF(AB57 = "Borta", AK57, (IF(AB57 = "Hemma", AL57, 0))) -> 0 | AI57: 5 | AJ57: 4 | AK57: 5 | AL57: 5
A58: =IFERROR(__xludf.DUMMYFUNCTION("""COMPUTED_VALUE"""),"Rosa") -> Rosa | C58: =IF(ISBLANK(A58), "", "-") -> - | E58: Blå | F58: =IF(AND(B58 <> "", D58 <> ""), IF(B58 > D58, A58, IF(D58 > B58, E58, "Oavgjort")), "") | G58: =IF(AND(B58 <> "", D58 <> ""), IF(B58 < D58, A58, IF(D58 < B58, E58, "Oavgjort")), "") | K58: 3 | L58: 2 | P58: 6 | Q58: 0 | U58: 0 | V58: 7 | Z58: 0 | AA58: 0 | AF58: =IF(AB58 = "Borta", AJ58, (IF(AB58 = "Hemma", AI58, 0))) -> 0 | AG58: =IF(AB58 = "Hemma", AJ58, (IF(AB58 = "Borta", AI58, 0))) -> 0 | AH58: =IF(AB58 = "Borta", AK58, (IF(AB58 = "Hemma", AL58, 0))) -> 0 | AI58: 5 | AJ58: 4 | AK58: 5 | AL58: 5
A59: =IFERROR(__xludf.DUMMYFUNCTION("""COMPUTED_VALUE"""),"Grön") -> Grön | C59: =IF(ISBLANK(A59), "", "-") -> - | E59: Rosa | F59: =IF(AND(B59 <> "", D59 <> ""), IF(B59 > D59, A59, IF(D59 > B59, E59, "Oavgjort")), "") | G59: =IF(AND(B59 <> "", D59 <> ""), IF(B59 < D59, A59, IF(D59 < B59, E59, "Oavgjort")), "") | K59: 3 | L59: 2 | P59: 6 | Q59: 0 | U59: 0 | V59: 7 | Z59: 0 | AA59: 0 | AF59: =IF(AB59 = "Borta", AJ59, (IF(AB59 = "Hemma", AI59, 0))) -> 0 | AG59: =IF(AB59 = "Hemma", AJ59, (IF(AB59 = "Borta", AI59, 0))) -> 0 | AH59: =IF(AB59 = "Borta", AK59, (IF(AB59 = "Hemma", AL59, 0))) -> 0 | AI59: 5 | AJ59: 4 | AK59: 5 | AL59: 5
A60: =IFERROR(__xludf.DUMMYFUNCTION("""COMPUTED_VALUE"""),"Blå") -> Blå | C60: =IF(ISBLANK(A60), "", "-") -> - | E60: Grön | F60: =IF(AND(B60 <> "", D60 <> ""), IF(B60 > D60, A60, IF(D60 > B60, E60, "Oavgjort")), "") | G60: =IF(AND(B60 <> "", D60 <> ""), IF(B60 < D60, A60, IF(D60 < B60, E60, "Oavgjort")), "") | K60: 3 | L60: 2 | P60: 6 | Q60: 0 | U60: 0 | V60: 7 | Z60: 0 | AA60: 0 | AF60: =IF(AB60 = "Borta", AJ60, (IF(AB60 = "Hemma", AI60, 0))) -> 0 | AG60: =IF(AB60 = "Hemma", AJ60, (IF(AB60 = "Borta", AI60, 0))) -> 0 | AH60: =IF(AB60 = "Borta", AK60, (IF(AB60 = "Hemma", AL60, 0))) -> 0 | AI60: 5 | AJ60: 4 | AK60: 5 | AL60: 5
A61: =IFERROR(__xludf.DUMMYFUNCTION("""COMPUTED_VALUE"""),"Rosa") -> Rosa | C61: =IF(ISBLANK(A61), "", "-") -> - | E61: Blå | F61: =IF(AND(B61 <> "", D61 <> ""), IF(B61 > D61, A61, IF(D61 > B61, E61, "Oavgjort")), "") | G61: =IF(AND(B61 <> "", D61 <> ""), IF(B61 < D61, A61, IF(D61 < B61, E61, "Oavgjort")), "") | K61: 3 | L61: 2 | P61: 6 | Q61: 0 | U61: 0 | V61: 7 | Z61: 0 | AA61: 0 | AF61: =IF(AB61 = "Borta", AJ61, (IF(AB61 = "Hemma", AI61, 0))) -> 0 | AG61: =IF(AB61 = "Hemma", AJ61, (IF(AB61 = "Borta", AI61, 0))) -> 0 | AH61: =IF(AB61 = "Borta", AK61, (IF(AB61 = "Hemma", AL61, 0))) -> 0 | AI61: 5 | AJ61: 4 | AK61: 5 | AL61: 5
A62: =IFERROR(__xludf.DUMMYFUNCTION("""COMPUTED_VALUE"""),"Grön") -> Grön | C62: =IF(ISBLANK(A62), "", "-") -> - | E62: Rosa | K62: 3 | L62: 2 | P62: 6 | Q62: 0 | U62: 0 | V62: 7 | Z62: 0 | AA62: 0 | AF62: =IF(AB62 = "Borta", AJ62, (IF(AB62 = "Hemma", AI62, 0))) -> 0 | AG62: =IF(AB62 = "Hemma", AJ62, (IF(AB62 = "Borta", AI62, 0))) -> 0 | AH62: =IF(AB62 = "Borta", AK62, (IF(AB62 = "Hemma", AL62, 0))) -> 0 | AI62: 5 | AJ62: 4 | AK62: 5 | AL62: 5
A64: =IFERROR(__xludf.DUMMYFUNCTION("""Gameweek "" & (VALUE(REGEXEXTRACT(A44, ""Gameweek (\d+)"")) + 1)"),"Gameweek 4") -> Gameweek 4 | H64: =A64 -> Gameweek 4 | K64: Vin. | L64: För. | M64: =A64 -> Gameweek 4 | P64: Vin. | Q64: För. | R64: =A64 -> Gameweek 4 | U64: Vin. | V64: För. | W64: =A64 -> Gameweek 4 | Z64: Vin. | AA64: För. | AB64: =A64 -> Gameweek 4 | AF64: Vin. | AG64: För. | AH64: Nollor | AI64: Temp
A65: =IFERROR(__xludf.DUMMYFUNCTION("IFERROR(ARRAYFORMULA(FLATTEN(SPLIT(REPT(TEXTJOIN("","", TRUE, FILTER({H$2, M$2, R$2}, {H65, M65, R65} <> """")) & "","", CEILING(18 / COUNTA(FILTER({H$2, M$2, R$2}, {H65, M65, R65} <> """")))), "",""))), """") "),"Blå") -> Blå | B65: 3 | C65: =IF(ISBLANK(A65), "", "-") -> - | D65: 0 | E65: {={A82; A65:A81}} -> Rosa | F65: =IF(AND(B65 <> "", D65 <> ""), IF(B65 > D65, A65, IF(D65 > B65, E65, "Oavgjort")), "") -> Blå | G65: =IF(AND(B65 <> "", D65 <> ""), IF(B65 < D65, A65, IF(D65 < B65, E65, "Oavgjort")), "") -> Rosa | H65: Benjamin L | I65: 0 | J65: 2 | K65: {=IF(SEQUENCE(18, 1), COUNTIF(F65:F82, $H$2))} -> 7 | L65: {=IF(SEQUENCE(18, 1), COUNTIF(G65:G82, $H$2))} -> 1 | M65: Oliver G | N65: 4 | O65: 0 | P65: {=IF(SEQUENCE(18, 1), COUNTIF(F65:F82, $M$2))} -> 1 | Q65: {=IF(SEQUENCE(18, 1), COUNTIF(G65:G82, $M$2))} -> 7 | S65: 0 | T65: 0 | U65: {=IF(SEQUENCE(18, 1), COUNTIF(F65:F82, $R$2))} -> 0 | V65: {=IF(SEQUENCE(18, 1), COUNTIF(G65:G82, $R$2))} -> 0 | W65: Daniel K | X65: 0 | Y65: 3 | Z65: {=IF(SEQUENCE(18, 1), COUNTIF(F65:F82, $W$2))} -> 0 | AA65: {=IF(SEQUENCE(18, 1), COUNTIF(G65:G82, $W$2))} -> 0 | AB65: Hemma | AC65: Emil B | AD65: 0 | AE65: 0 | AF65: =IF(AB65 = "Borta", AJ65, (IF(AB65 = "Hemma", AI65, 0))) -> 4 | AG65: =IF(AB65 = "Hemma", AJ65, (IF(AB65 = "Borta", AI65, 0))) -> 4 | AH65: =IF(AB65 = "Borta", AK65, (IF(AB65 = "Hemma", AL65, 0))) -> 4 | AI65: {=IF(F65 <> "", SEQUENCE(18,1,1,0)*SUM(IF(A65:A82 = F65:F82, 1, 0)), SEQUENCE(18,1,0,0) )} -> 4 | AJ65: {=IF(G65 <> "", SEQUENCE(18,1,1,0)*SUM(IF(E65:E82 = F65:F82, 1, 0)), SEQUENCE(18,1,0,0) )} -> 4 | AK65: {=IF(SEQUENCE(18, 1), COUNTIF(B65:B82, 0))} -> 3 | AL65: {=IF(SEQUENCE(18, 1), COUNTIF(D65:D82, 0))} -> 4
A66: =IFERROR(__xludf.DUMMYFUNCTION("""COMPUTED_VALUE"""),"Rosa") -> Rosa | B66: 1 | C66: =IF(ISBLANK(A66), "", "-") -> - | D66: 2 | E66: Blå | F66: =IF(AND(B66 <> "", D66 <> ""), IF(B66 > D66, A66, IF(D66 > B66, E66, "Oavgjort")), "") -> Blå | G66: =IF(AND(B66 <> "", D66 <> ""), IF(B66 < D66, A66, IF(D66 < B66, E66, "Oavgjort")), "") -> Rosa | H66: Branislav D | I66: 1 | J66: 3 | K66: 7 | L66: 1 | M66: Mattias R | N66: 0 | O66: 2 | P66: 1 | Q66: 7 | S66: 0 | T66: 0 | U66: 0 | V66: 0 | X66: 0 | Y66: 0 | Z66: 0 | AA66: 0 | AB66: Borta | AD66: 0 | AE66: 0 | AF66: =IF(AB66 = "Borta", AJ66, (IF(AB66 = "Hemma", AI66, 0))) -> 4 | AG66: =IF(AB66 = "Hemma", AJ66, (IF(AB66 = "Borta", AI66, 0))) -> 4 | AH66: =IF(AB66 = "Borta", AK66, (IF(AB66 = "Hemma", AL66, 0))) -> 3 | AI66: 4 | AJ66: 4 | AK66: 3 | AL66: 4
A67: =IFERROR(__xludf.DUMMYFUNCTION("""COMPUTED_VALUE"""),"Blå") -> Blå | B67: 1 | C67: =IF(ISBLANK(A67), "", "-") -> - | D67: 0 | E67: Rosa | F67: =IF(AND(B67 <> "", D67 <> ""), IF(B67 > D67, A67, IF(D67 > B67, E67, "Oavgjort")), "") -> Blå | G67: =IF(AND(B67 <> "", D67 <> ""), IF(B67 < D67, A67, IF(D67 < B67, E67, "Oavgjort")), "") -> Rosa | H67: Dennis F | I67: 3 | J67: 2 | K67: 7 | L67: 1 | M67: Samuel P | N67: 0 | O67: 2 | P67: 1 | Q67: 7 | S67: 0 | T67: 0 | U67: 0 | V67: 0 | X67: 0 | Y67: 0 | Z67: 0 | AA67: 0 | AF67: =IF(AB67 = "Borta", AJ67, (IF(AB67 = "Hemma", AI67, 0))) -> 0 | AG67: =IF(AB67 = "Hemma", AJ67, (IF(AB67 = "Borta", AI67, 0))) -> 0 | AH67: =IF(AB67 = "Borta", AK67, (IF(AB67 = "Hemma", AL67, 0))) -> 0 | AI67: 4 | AJ67: 4 | AK67: 3 | AL67: 4
A68: =IFERROR(__xludf.DUMMYFUNCTION("""COMPUTED_VALUE"""),"Rosa") -> Rosa | B68: 1 | C68: =IF(ISBLANK(A68), "", "-") -> - | D68: 1 | E68: Blå | F68: =IF(AND(B68 <> "", D68 <> ""), IF(B68 > D68, A68, IF(D68 > B68, E68, "Oavgjort")), "") -> Oavgjort | G68: =IF(AND(B68 <> "", D68 <> ""), IF(B68 < D68, A68, IF(D68 < B68, E68, "Oavgjort")), "") -> Oavgjort | H68: Emil F | I68: 5 | J68: 3 | K68: 7 | L68: 1 | M68: Casper W | N68: 1 | O68: 1 | P68: 1 | Q68: 7 | S68: 0 | T68: 0 | U68: 0 | V68: 0 | X68: 0 | Y68: 0 | Z68: 0 | AA68: 0 | AF68: =IF(AB68 = "Borta", AJ68, (IF(AB68 = "Hemma", AI68, 0))) -> 0 | AG68: =IF(AB68 = "Hemma", AJ68, (IF(AB68 = "Borta", AI68, 0))) -> 0 | AH68: =IF(AB68 = "Borta", AK68, (IF(AB68 = "Hemma", AL68, 0))) -> 0 | AI68: 4 | AJ68: 4 | AK68: 3 | AL68: 4
A69: =IFERROR(__xludf.DUMMYFUNCTION("""COMPUTED_VALUE"""),"Blå") -> Blå | B69: 2 | C69: =IF(ISBLANK(A69), "", "-") -> - | D69: 1 | E69: Rosa | F69: =IF(AND(B69 <> "", D69 <> ""), IF(B69 > D69, A69, IF(D69 > B69, E69, "Oavgjort")), "") -> Blå | G69: =IF(AND(B69 <> "", D69 <> ""), IF(B69 < D69, A69, IF(D69 < B69, E69, "Oavgjort")), "") -> Rosa | H69: Jakob S | I69: 5 | J69: 3 | K69: 7 | L69: 1 | N69: 0 | O69: 0 | P69: 1 | Q69: 7 | S69: 0 | T69: 0 | U69: 0 | V69: 0 | X69: 0 | Y69: 0 | Z69: 0 | AA69: 0 | AF69: =IF(AB69 = "Borta", AJ69, (IF(AB69 = "Hemma", AI69, 0))) -> 0 | AG69: =IF(AB69 = "Hemma", AJ69, (IF(AB69 = "Borta", AI69, 0))) -> 0 | AH69: =IF(AB69 = "Borta", AK69, (IF(AB69 = "Hemma", AL69, 0))) -> 0 | AI69: 4 | AJ69: 4 | AK69: 3 | AL69: 4
A70: =IFERROR(__xludf.DUMMYFUNCTION("""COMPUTED_VALUE"""),"Rosa") -> Rosa | B70: 0 | C70: =IF(ISBLANK(A70), "", "-") -> - | D70: 2 | E70: Blå | F70: =IF(AND(B70 <> "", D70 <> ""), IF(B70 > D70, A70, IF(D70 > B70, E70, "Oavgjort")), "") -> Blå | G70: =IF(AND(B70 <> "", D70 <> ""), IF(B70 < D70, A70, IF(D70 < B70, E70, "Oavgjort")), "") -> Rosa | H70: Shahir I | I70: 1 | J70: 1 | K70: 7 | L70: 1 | N70: 0 | O70: 0 | P70: 1 | Q70: 7 | S70: 0 | T70: 0 | U70: 0 | V70: 0 | X70: 0 | Y70: 0 | Z70: 0 | AA70: 0 | AF70: =IF(AB70 = "Borta", AJ70, (IF(AB70 = "Hemma", AI70, 0))) -> 0 | AG70: =IF(AB70 = "Hemma", AJ70, (IF(AB70 = "Borta", AI70, 0))) -> 0 | AH70: =IF(AB70 = "Borta", AK70, (IF(AB70 = "Hemma", AL70, 0))) -> 0 | AI70: 4 | AJ70: 4 | AK70: 3 | AL70: 4
A71: =IFERROR(__xludf.DUMMYFUNCTION("""COMPUTED_VALUE"""),"Blå") -> Blå | B71: 1 | C71: =IF(ISBLANK(A71), "", "-") -> - | D71: 0 | E71: Rosa | F71: =IF(AND(B71 <> "", D71 <> ""), IF(B71 > D71, A71, IF(D71 > B71, E71, "Oavgjort")), "") -> Blå | G71: =IF(AND(B71 <> "", D71 <> ""), IF(B71 < D71, A71, IF(D71 < B71, E71, "Oavgjort")), "") -> Rosa | I71: 0 | J71: 0 | K71: 7 | L71: 1 | N71: 0 | O71: 0 | P71: 1 | Q71: 7 | S71: 0 | T71: 0 | U71: 0 | V71: 0 | X71: 0 | Y71: 0 | Z71: 0 | AA71: 0 | AF71: =IF(AB71 = "Borta", AJ71, (IF(AB71 = "Hemma", AI71, 0))) -> 0 | AG71: =IF(AB71 = "Hemma", AJ71, (IF(AB71 = "Borta", AI71, 0))) -> 0 | AH71: =IF(AB71 = "Borta", AK71, (IF(AB71 = "Hemma", AL71, 0))) -> 0 | AI71: 4 | AJ71: 4 | AK71: 3 | AL71: 4
A72: =IFERROR(__xludf.DUMMYFUNCTION("""COMPUTED_VALUE"""),"Rosa") -> Rosa | B72: 0 | C72: =IF(ISBLANK(A72), "", "-") -> - | D72: 0 | E72: Blå | F72: =IF(AND(B72 <> "", D72 <> ""), IF(B72 > D72, A72, IF(D72 > B72, E72, "Oavgjort")), "") -> Oavgjort | G72: =IF(AND(B72 <> "", D72 <> ""), IF(B72 < D72, A72, IF(D72 < B72, E72, "Oavgjort")), "") -> Oavgjort | K72: 7 | L72: 1 | P72: 1 | Q72: 7 | U72: 0 | V72: 0 | Z72: 0 | AA72: 0 | AF72: =IF(AB72 = "Borta", AJ72, (IF(AB72 = "Hemma", AI72, 0))) -> 0 | AG72: =IF(AB72 = "Hemma", AJ72, (IF(AB72 = "Borta", AI72, 0))) -> 0 | AH72: =IF(AB72 = "Borta", AK72, (IF(AB72 = "Hemma", AL72, 0))) -> 0 | AI72: 4 | AJ72: 4 | AK72: 3 | AL72: 4
A73: =IFERROR(__xludf.DUMMYFUNCTION("""COMPUTED_VALUE"""),"Blå") -> Blå | B73: 0 | C73: =IF(ISBLANK(A73), "", "-") -> - | D73: 1 | E73: Rosa | F73: =IF(AND(B73 <> "", D73 <> ""), IF(B73 > D73, A73, IF(D73 > B73, E73, "Oavgjort")), "") -> Rosa | G73: =IF(AND(B73 <> "", D73 <> ""), IF(B73 < D73, A73, IF(D73 < B73, E73, "Oavgjort")), "") -> Blå | K73: 7 | L73: 1 | P73: 1 | Q73: 7 | U73: 0 | V73: 0 | Z73: 0 | AA73: 0 | AF73: =IF(AB73 = "Borta", AJ73, (IF(AB73 = "Hemma", AI73, 0))) -> 0 | AG73: =IF(AB73 = "Hemma", AJ73, (IF(AB73 = "Borta", AI73, 0))) -> 0 | AH73: =IF(AB73 = "Borta", AK73, (IF(AB73 = "Hemma", AL73, 0))) -> 0 | AI73: 4 | AJ73: 4 | AK73: 3 | AL73: 4
A74: =IFERROR(__xludf.DUMMYFUNCTION("""COMPUTED_VALUE"""),"Rosa") -> Rosa | B74: 1 | C74: =IF(ISBLANK(A74), "", "-") -> - | D74: 3 | E74: Blå | F74: =IF(AND(B74 <> "", D74 <> ""), IF(B74 > D74, A74, IF(D74 > B74, E74, "Oavgjort")), "") -> Blå | G74: =IF(AND(B74 <> "", D74 <> ""), IF(B74 < D74, A74, IF(D74 < B74, E74, "Oavgjort")), "") -> Rosa | K74: 7 | L74: 1 | P74: 1 | Q74: 7 | U74: 0 | V74: 0 | Z74: 0 | AA74: 0 | AF74: =IF(AB74 = "Borta", AJ74, (IF(AB74 = "Hemma", AI74, 0))) -> 0 | AG74: =IF(AB74 = "Hemma", AJ74, (IF(AB74 = "Borta", AI74, 0))) -> 0 | AH74: =IF(AB74 = "Borta", AK74, (IF(AB74 = "Hemma", AL74, 0))) -> 0 | AI74: 4 | AJ74: 4 | AK74: 3 | AL74: 4
A75: =IFERROR(__xludf.DUMMYFUNCTION("""COMPUTED_VALUE"""),"Blå") -> Blå | C75: =IF(ISBLANK(A75), "", "-") -> - | E75: Rosa | F75: =IF(AND(B75 <> "", D75 <> ""), IF(B75 > D75, A75, IF(D75 > B75, E75, "Oavgjort")), "") | G75: =IF(AND(B75 <> "", D75 <> ""), IF(B75 < D75, A75, IF(D75 < B75, E75, "Oavgjort")), "") | K75: 7 | L75: 1 | P75: 1 | Q75: 7 | U75: 0 | V75: 0 | Z75: 0 | AA75: 0 | AF75: =IF(AB75 = "Borta", AJ75, (IF(AB75 = "Hemma", AI75, 0))) -> 0 | AG75: =IF(AB75 = "Hemma", AJ75, (IF(AB75 = "Borta", AI75, 0))) -> 0 | AH75: =IF(AB75 = "Borta", AK75, (IF(AB75 = "Hemma", AL75, 0))) -> 0 | AI75: 4 | AJ75: 4 | AK75: 3 | AL75: 4
A76: =IFERROR(__xludf.DUMMYFUNCTION("""COMPUTED_VALUE"""),"Rosa") -> Rosa | C76: =IF(ISBLANK(A76), "", "-") -> - | E76: Blå | F76: =IF(AND(B76 <> "", D76 <> ""), IF(B76 > D76, A76, IF(D76 > B76, E76, "Oavgjort")), "") | G76: =IF(AND(B76 <> "", D76 <> ""), IF(B76 < D76, A76, IF(D76 < B76, E76, "Oavgjort")), "") | K76: 7 | L76: 1 | P76: 1 | Q76: 7 | U76: 0 | V76: 0 | Z76: 0 | AA76: 0 | AF76: =IF(AB76 = "Borta", AJ76, (IF(AB76 = "Hemma", AI76, 0))) -> 0 | AG76: =IF(AB76 = "Hemma", AJ76, (IF(AB76 = "Borta", AI76, 0))) -> 0 | AH76: =IF(AB76 = "Borta", AK76, (IF(AB76 = "Hemma", AL76, 0))) -> 0 | AI76: 4 | AJ76: 4 | AK76: 3 | AL76: 4
A77: =IFERROR(__xludf.DUMMYFUNCTION("""COMPUTED_VALUE"""),"Blå") -> Blå | C77: =IF(ISBLANK(A77), "", "-") -> - | E77: Rosa | F77: =IF(AND(B77 <> "", D77 <> ""), IF(B77 > D77, A77, IF(D77 > B77, E77, "Oavgjort")), "") | G77: =IF(AND(B77 <> "", D77 <> ""), IF(B77 < D77, A77, IF(D77 < B77, E77, "Oavgjort")), "") | K77: 7 | L77: 1 | P77: 1 | Q77: 7 | U77: 0 | V77: 0 | Z77: 0 | AA77: 0 | AF77: =IF(AB77 = "Borta", AJ77, (IF(AB77 = "Hemma", AI77, 0))) -> 0 | AG77: =IF(AB77 = "Hemma", AJ77, (IF(AB77 = "Borta", AI77, 0))) -> 0 | AH77: =IF(AB77 = "Borta", AK77, (IF(AB77 = "Hemma", AL77, 0))) -> 0 | AI77: 4 | AJ77: 4 | AK77: 3 | AL77: 4
A78: =IFERROR(__xludf.DUMMYFUNCTION("""COMPUTED_VALUE"""),"Rosa") -> Rosa | C78: =IF(ISBLANK(A78), "", "-") -> - | E78: Blå | F78: =IF(AND(B78 <> "", D78 <> ""), IF(B78 > D78, A78, IF(D78 > B78, E78, "Oavgjort")), "") | G78: =IF(AND(B78 <> "", D78 <> ""), IF(B78 < D78, A78, IF(D78 < B78, E78, "Oavgjort")), "") | K78: 7 | L78: 1 | P78: 1 | Q78: 7 | U78: 0 | V78: 0 | Z78: 0 | AA78: 0 | AF78: =IF(AB78 = "Borta", AJ78, (IF(AB78 = "Hemma", AI78, 0))) -> 0 | AG78: =IF(AB78 = "Hemma", AJ78, (IF(AB78 = "Borta", AI78, 0))) -> 0 | AH78: =IF(AB78 = "Borta", AK78, (IF(AB78 = "Hemma", AL78, 0))) -> 0 | AI78: 4 | AJ78: 4 | AK78: 3 | AL78: 4
A79: =IFERROR(__xludf.DUMMYFUNCTION("""COMPUTED_VALUE"""),"Blå") -> Blå | C79: =IF(ISBLANK(A79), "", "-") -> - | E79: Rosa | F79: =IF(AND(B79 <> "", D79 <> ""), IF(B79 > D79, A79, IF(D79 > B79, E79, "Oavgjort")), "") | G79: =IF(AND(B79 <> "", D79 <> ""), IF(B79 < D79, A79, IF(D79 < B79, E79, "Oavgjort")), "") | K79: 7 | L79: 1 | P79: 1 | Q79: 7 | U79: 0 | V79: 0 | Z79: 0 | AA79: 0 | AF79: =IF(AB79 = "Borta", AJ79, (IF(AB79 = "Hemma", AI79, 0))) -> 0 | AG79: =IF(AB79 = "Hemma", AJ79, (IF(AB79 = "Borta", AI79, 0))) -> 0 | AH79: =IF(AB79 = "Borta", AK79, (IF(AB79 = "Hemma", AL79, 0))) -> 0 | AI79: 4 | AJ79: 4 | AK79: 3 | AL79: 4
A80: =IFERROR(__xludf.DUMMYFUNCTION("""COMPUTED_VALUE"""),"Rosa") -> Rosa | C80: =IF(ISBLANK(A80), "", "-") -> - | E80: Blå | F80: =IF(AND(B80 <> "", D80 <> ""), IF(B80 > D80, A80, IF(D80 > B80, E80, "Oavgjort")), "") | G80: =IF(AND(B80 <> "", D80 <> ""), IF(B80 < D80, A80, IF(D80 < B80, E80, "Oavgjort")), "") | K80: 7 | L80: 1 | P80: 1 | Q80: 7 | U80: 0 | V80: 0 | Z80: 0 | AA80: 0 | AF80: =IF(AB80 = "Borta", AJ80, (IF(AB80 = "Hemma", AI80, 0))) -> 0 | AG80: =IF(AB80 = "Hemma", AJ80, (IF(AB80 = "Borta", AI80, 0))) -> 0 | AH80: =IF(AB80 = "Borta", AK80, (IF(AB80 = "Hemma", AL80, 0))) -> 0 | AI80: 4 | AJ80: 4 | AK80: 3 | AL80: 4
A81: =IFERROR(__xludf.DUMMYFUNCTION("""COMPUTED_VALUE"""),"Blå") -> Blå | C81: =IF(ISBLANK(A81), "", "-") -> - | E81: Rosa | F81: =IF(AND(B81 <> "", D81 <> ""), IF(B81 > D81, A81, IF(D81 > B81, E81, "Oavgjort")), "") | G81: =IF(AND(B81 <> "", D81 <> ""), IF(B81 < D81, A81, IF(D81 < B81, E81, "Oavgjort")), "") | K81: 7 | L81: 1 | P81: 1 | Q81: 7 | U81: 0 | V81: 0 | Z81: 0 | AA81: 0 | AF81: =IF(AB81 = "Borta", AJ81, (IF(AB81 = "Hemma", AI81, 0))) -> 0 | AG81: =IF(AB81 = "Hemma", AJ81, (IF(AB81 = "Borta", AI81, 0))) -> 0 | AH81: =IF(AB81 = "Borta", AK81, (IF(AB81 = "Hemma", AL81, 0))) -> 0 | AI81: 4 | AJ81: 4 | AK81: 3 | AL81: 4
A82: =IFERROR(__xludf.DUMMYFUNCTION("""COMPUTED_VALUE"""),"Rosa") -> Rosa | C82: =IF(ISBLANK(A82), "", "-") -> - | E82: Blå | K82: 7 | L82: 1 | P82: 1 | Q82: 7 | U82: 0 | V82: 0 | Z82: 0 | AA82: 0 | AF82: =IF(AB82 = "Borta", AJ82, (IF(AB82 = "Hemma", AI82, 0))) -> 0 | AG82: =IF(AB82 = "Hemma", AJ82, (IF(AB82 = "Borta", AI82, 0))) -> 0 | AH82: =IF(AB82 = "Borta", AK82, (IF(AB82 = "Hemma", AL82, 0))) -> 0 | AI82: 4 | AJ82: 4 | AK82: 3 | AL82: 4
A84: =IFERROR(__xludf.DUMMYFUNCTION("""Gameweek "" & (VALUE(REGEXEXTRACT(A64, ""Gameweek (\d+)"")) + 1)"),"Gameweek 5") -> Gameweek 5 | H84: =A84 -> Gameweek 5 | K84: Vin. | L84: För. | M84: =A84 -> Gameweek 5 | P84: Vin. | Q84: För. | R84: =A84 -> Gameweek 5 | U84: Vin. | V84: För. | W84: =A84 -> Gameweek 5 | Z84: Vin. | AA84: För. | AB84: =A84 -> Gameweek 5 | AF84: Vin. | AG84: För. | AH84: Nollor | AI84: Temp
A85: Blå | B85: 0 | C85: =IF(ISBLANK(A85), "", "-") -> - | D85: 0 | E85: Rosa | F85: =IF(AND(B85 <> "", D85 <> ""), IF(B85 > D85, A85, IF(D85 > B85, E85, "Oavgjort")), "") -> Oavgjort | G85: =IF(AND(B85 <> "", D85 <> ""), IF(B85 < D85, A85, IF(D85 < B85, E85, "Oavgjort")), "") -> Oavgjort | H85: Aria A | I85: 1 | J85: 0 | K85: {=IF(SEQUENCE(18, 1), COUNTIF(F85:F102, $H$2))} -> 1 | L85: {=IF(SEQUENCE(18, 1), COUNTIF(G85:G102, $H$2))} -> 1 | M85: Albert A | N85: 0 | O85: 1 | P85: {=IF(SEQUENCE(18, 1), COUNTIF(F85:F102, $M$2))} -> 1 | Q85: {=IF(SEQUENCE(18, 1), COUNTIF(G85:G102, $M$2))} -> 1 | S85: 0 | T85: 0 | U85: {=IF(SEQUENCE(18, 1), COUNTIF(F85:F102, $R$2))} -> 0 | V85: {=IF(SEQUENCE(18, 1), COUNTIF(G85:G102, $R$2))} -> 0 | W85: Daniel K | X85: 0 | Y85: 3 | Z85: {=IF(SEQUENCE(18, 1), COUNTIF(F85:F102, $W$2))} -> 0 | AA85: {=IF(SEQUENCE(18, 1), COUNTIF(G85:G102, $W$2))} -> 0 | AB85: Hemma | AC85: Emil B | AD85: 0 | AE85: 1 | AF85: =IF(AB85 = "Borta", AJ85, (IF(AB85 = "Hemma", AI85, 0))) -> 3 | AG85: =IF(AB85 = "Hemma", AJ85, (IF(AB85 = "Borta", AI85, 0))) -> 3 | AH85: =IF(AB85 = "Borta", AK85, (IF(AB85 = "Hemma", AL85, 0))) -> 6 | AI85: {=IF(F85 <> "", SEQUENCE(18,1,1,0)*SUM(IF(A85:A102 = F85:F102, 1, 0)), SEQUENCE(18,1,0,0) )} -> 3 | AJ85: {=IF(G85 <> "", SEQUENCE(18,1,1,0)*SUM(IF(E85:E102 = F85:F102, 1, 0)), SEQUENCE(18,1,0,0) )} -> 3 | AK85: {=IF(SEQUENCE(18, 1), COUNTIF(B85:B102, 0))} -> 6 | AL85: {=IF(SEQUENCE(18, 1), COUNTIF(D85:D102, 0))} -> 6
A86: Blå | B86: 0 | C86: =IF(ISBLANK(A86), "", "-") -> - | D86: 0 | E86: Rosa | F86: =IF(AND(B86 <> "", D86 <> ""), IF(B86 > D86, A86, IF(D86 > B86, E86, "Oavgjort")), "") -> Oavgjort | G86: =IF(AND(B86 <> "", D86 <> ""), IF(B86 < D86, A86, IF(D86 < B86, E86, "Oavgjort")), "") -> Oavgjort | H86: Jakob S | I86: 4 | J86: 1 | K86: 1 | L86: 1 | M86: Benjamin L | N86: 0 | O86: 0 | P86: 1 | Q86: 1 | S86: 0 | T86: 0 | U86: 0 | V86: 0 | W86: Pontus S | X86: 0 | Y86: 3 | Z86: 0 | AA86: 0 | AB86: Borta | AC86: Dennis F | AD86: 1 | AE86: 0 | AF86: =IF(AB86 = "Borta", AJ86, (IF(AB86 = "Hemma", AI86, 0))) -> 3 | AG86: =IF(AB86 = "Hemma", AJ86, (IF(AB86 = "Borta", AI86, 0))) -> 3 | AH86: =IF(AB86 = "Borta", AK86, (IF(AB86 = "Hemma", AL86, 0))) -> 6 | AI86: 3 | AJ86: 3 | AK86: 6 | AL86: 6
A87: Blå | B87: 0 | C87: =IF(ISBLANK(A87), "", "-") -> - | D87: 0 | E87: Rosa | F87: =IF(AND(B87 <> "", D87 <> ""), IF(B87 > D87, A87, IF(D87 > B87, E87, "Oavgjort")), "") -> Oavgjort | G87: =IF(AND(B87 <> "", D87 <> ""), IF(B87 < D87, A87, IF(D87 < B87, E87, "Oavgjort")), "") -> Oavgjort | H87: Karvan X | I87: 1 | J87: 0 | K87: 1 | L87: 1 | M87: Daniel Ö | N87: 1 | O87: 1 | P87: 1 | Q87: 1 | S87: 0 | T87: 0 | U87: 0 | V87: 0 | X87: 0 | Y87: 0 | Z87: 0 | AA87: 0 | AF87: =IF(AB87 = "Borta", AJ87, (IF(AB87 = "Hemma", AI87, 0))) -> 0 | AG87: =IF(AB87 = "Hemma", AJ87, (IF(AB87 = "Borta", AI87, 0))) -> 0 | AH87: =IF(AB87 = "Borta", AK87, (IF(AB87 = "Hemma", AL87, 0))) -> 0 | AI87: 3 | AJ87: 3 | AK87: 6 | AL87: 6
A88: Blå | B88: 0 | C88: =IF(ISBLANK(A88), "", "-") -> - | D88: 1 | E88: Rosa | F88: =IF(AND(B88 <> "", D88 <> ""), IF(B88 > D88, A88, IF(D88 > B88, E88, "Oavgjort")), "") -> Rosa | G88: =IF(AND(B88 <> "", D88 <> ""), IF(B88 < D88, A88, IF(D88 < B88, E88, "Oavgjort")), "") -> Blå | H88: Oliver G | I88: 0 | J88: 1 | K88: 1 | L88: 1 | M88: Milos G | N88: 3 | O88: 0 | P88: 1 | Q88: 1 | S88: 0 | T88: 0 | U88: 0 | V88: 0 | X88: 0 | Y88: 0 | Z88: 0 | AA88: 0 | AF88: =IF(AB88 = "Borta", AJ88, (IF(AB88 = "Hemma", AI88, 0))) -> 0 | AG88: =IF(AB88 = "Hemma", AJ88, (IF(AB88 = "Borta", AI88, 0))) -> 0 | AH88: =IF(AB88 = "Borta", AK88, (IF(AB88 = "Hemma", AL88, 0))) -> 0 | AI88: 3 | AJ88: 3 | AK88: 6 | AL88: 6
A89: Blå | B89: 1 | C89: =IF(ISBLANK(A89), "", "-") -> - | D89: 0 | E89: Rosa | F89: =IF(AND(B89 <> "", D89 <> ""), IF(B89 > D89, A89, IF(D89 > B89, E89, "Oavgjort")), "") -> Blå | G89: =IF(AND(B89 <> "", D89 <> ""), IF(B89 < D89, A89, IF(D89 < B89, E89, "Oavgjort")), "") -> Rosa | H89: Shahir I | I89: 0 | J89: 2 | K89: 1 | L89: 1 | M89: Oskar R | N89: 1 | O89: 3 | P89: 1 | Q89: 1 | S89: 0 | T89: 0 | U89: 0 | V89: 0 | X89: 0 | Y89: 0 | Z89: 0 | AA89: 0 | AF89: =IF(AB89 = "Borta", AJ89, (IF(AB89 = "Hemma", AI89, 0))) -> 0 | AG89: =IF(AB89 = "Hemma", AJ89, (IF(AB89 = "Borta", AI89, 0))) -> 0 | AH89: =IF(AB89 = "Borta", AK89, (IF(AB89 = "Hemma", AL89, 0))) -> 0 | AI89: 3 | AJ89: 3 | AK89: 6 | AL89: 6
A90: Blå | B90: 0 | C90: =IF(ISBLANK(A90), "", "-") -> - | D90: 0 | E90: Rosa | F90: =IF(AND(B90 <> "", D90 <> ""), IF(B90 > D90, A90, IF(D90 > B90, E90, "Oavgjort")), "") -> Oavgjort | G90: =IF(AND(B90 <> "", D90 <> ""), IF(B90 < D90, A90, IF(D90 < B90, E90, "Oavgjort")), "") -> Oavgjort | I90: 0 | J90: 0 | K90: 1 | L90: 1 | N90: 0 | O90: 0 | P90: 1 | Q90: 1 | S90: 0 | T90: 0 | U90: 0 | V90: 0 | X90: 0 | Y90: 0 | Z90: 0 | AA90: 0 | AF90: =IF(AB90 = "Borta", AJ90, (IF(AB90 = "Hemma", AI90, 0))) -> 0 | AG90: =IF(AB90 = "Hemma", AJ90, (IF(AB90 = "Borta", AI90, 0))) -> 0 | AH90: =IF(AB90 = "Borta", AK90, (IF(AB90 = "Hemma", AL90, 0))) -> 0 | AI90: 3 | AJ90: 3 | AK90: 6 | AL90: 6
A91: Blå | B91: 0 | C91: =IF(ISBLANK(A91), "", "-") -> - | D91: 0 | E91: Rosa | F91: =IF(AND(B91 <> "", D91 <> ""), IF(B91 > D91, A91, IF(D91 > B91, E91, "Oavgjort")), "") -> Oavgjort | G91: =IF(AND(B91 <> "", D91 <> ""), IF(B91 < D91, A91, IF(D91 < B91, E91, "Oavgjort")), "") -> Oavgjort | I91: 0 | J91: 0 | K91: 1 | L91: 1 | N91: 0 | O91: 0 | P91: 1 | Q91: 1 | S91: 0 | T91: 0 | U91: 0 | V91: 0 | X91: 0 | Y91: 0 | Z91: 0 | AA91: 0 | AF91: =IF(AB91 = "Borta", AJ91, (IF(AB91 = "Hemma", AI91, 0))) -> 0 | AG91: =IF(AB91 = "Hemma", AJ91, (IF(AB91 = "Borta", AI91, 0))) -> 0 | AH91: =IF(AB91 = "Borta", AK91, (IF(AB91 = "Hemma", AL91, 0))) -> 0 | AI91: 3 | AJ91: 3 | AK91: 6 | AL91: 6
A92: Blå | B92: 1 | C92: =IF(ISBLANK(A92), "", "-") -> - | D92: 1 | E92: Rosa | F92: =IF(AND(B92 <> "", D92 <> ""), IF(B92 > D92, A92, IF(D92 > B92, E92, "Oavgjort")), "") -> Oavgjort | G92: =IF(AND(B92 <> "", D92 <> ""), IF(B92 < D92, A92, IF(D92 < B92, E92, "Oavgjort")), "") -> Oavgjort | K92: 1 | L92: 1 | P92: 1 | Q92: 1 | U92: 0 | V92: 0 | Z92: 0 | AA92: 0 | AF92: =IF(AB92 = "Borta", AJ92, (IF(AB92 = "Hemma", AI92, 0))) -> 0 | AG92: =IF(AB92 = "Hemma", AJ92, (IF(AB92 = "Borta", AI92, 0))) -> 0 | AH92: =IF(AB92 = "Borta", AK92, (IF(AB92 = "Hemma", AL92, 0))) -> 0 | AI92: 3 | AJ92: 3 | AK92: 6 | AL92: 6
A93: Blå | B93: 3 | C93: =IF(ISBLANK(A93), "", "-") -> - | D93: 3 | E93: Rosa | F93: =IF(AND(B93 <> "", D93 <> ""), IF(B93 > D93, A93, IF(D93 > B93, E93, "Oavgjort")), "") -> Oavgjort | G93: =IF(AND(B93 <> "", D93 <> ""), IF(B93 < D93, A93, IF(D93 < B93, E93, "Oavgjort")), "") -> Oavgjort | K93: 1 | L93: 1 | P93: 1 | Q93: 1 | U93: 0 | V93: 0 | Z93: 0 | AA93: 0 | AF93: =IF(AB93 = "Borta", AJ93, (IF(AB93 = "Hemma", AI93, 0))) -> 0 | AG93: =IF(AB93 = "Hemma", AJ93, (IF(AB93 = "Borta", AI93, 0))) -> 0 | AH93: =IF(AB93 = "Borta", AK93, (IF(AB93 = "Hemma", AL93, 0))) -> 0 | AI93: 3 | AJ93: 3 | AK93: 6 | AL93: 6
A94: Blå | B94: 1 | C94: =IF(ISBLANK(A94), "", "-") -> - | D94: 1 | E94: Rosa | F94: =IF(AND(B94 <> "", D94 <> ""), IF(B94 > D94, A94, IF(D94 > B94, E94, "Oavgjort")), "") -> Oavgjort | G94: =IF(AND(B94 <> "", D94 <> ""), IF(B94 < D94, A94, IF(D94 < B94, E94, "Oavgjort")), "") -> Oavgjort | K94: 1 | L94: 1 | P94: 1 | Q94: 1 | U94: 0 | V94: 0 | Z94: 0 | AA94: 0 | AF94: =IF(AB94 = "Borta", AJ94, (IF(AB94 = "Hemma", AI94, 0))) -> 0 | AG94: =IF(AB94 = "Hemma", AJ94, (IF(AB94 = "Borta", AI94, 0))) -> 0 | AH94: =IF(AB94 = "Borta", AK94, (IF(AB94 = "Hemma", AL94, 0))) -> 0 | AI94: 3 | AJ94: 3 | AK94: 6 | AL94: 6
A95: Blå | C95: =IF(ISBLANK(A95), "", "-") -> - | E95: Rosa | F95: =IF(AND(B95 <> "", D95 <> ""), IF(B95 > D95, A95, IF(D95 > B95, E95, "Oavgjort")), "") | G95: =IF(AND(B95 <> "", D95 <> ""), IF(B95 < D95, A95, IF(D95 < B95, E95, "Oavgjort")), "") | K95: 1 | L95: 1 | P95: 1 | Q95: 1 | U95: 0 | V95: 0 | Z95: 0 | AA95: 0 | AF95: =IF(AB95 = "Borta", AJ95, (IF(AB95 = "Hemma", AI95, 0))) -> 0 | AG95: =IF(AB95 = "Hemma", AJ95, (IF(AB95 = "Borta", AI95, 0))) -> 0 | AH95: =IF(AB95 = "Borta", AK95, (IF(AB95 = "Hemma", AL95, 0))) -> 0 | AI95: 3 | AJ95: 3 | AK95: 6 | AL95: 6
A96: Blå | C96: =IF(ISBLANK(A96), "", "-") -> - | E96: Rosa | F96: =IF(AND(B96 <> "", D96 <> ""), IF(B96 > D96, A96, IF(D96 > B96, E96, "Oavgjort")), "") | G96: =IF(AND(B96 <> "", D96 <> ""), IF(B96 < D96, A96, IF(D96 < B96, E96, "Oavgjort")), "") | K96: 1 | L96: 1 | P96: 1 | Q96: 1 | U96: 0 | V96: 0 | Z96: 0 | AA96: 0 | AF96: =IF(AB96 = "Borta", AJ96, (IF(AB96 = "Hemma", AI96, 0))) -> 0 | AG96: =IF(AB96 = "Hemma", AJ96, (IF(AB96 = "Borta", AI96, 0))) -> 0 | AH96: =IF(AB96 = "Borta", AK96, (IF(AB96 = "Hemma", AL96, 0))) -> 0 | AI96: 3 | AJ96: 3 | AK96: 6 | AL96: 6
A97: Blå | C97: =IF(ISBLANK(A97), "", "-") -> - | E97: Rosa | F97: =IF(AND(B97 <> "", D97 <> ""), IF(B97 > D97, A97, IF(D97 > B97, E97, "Oavgjort")), "") | G97: =IF(AND(B97 <> "", D97 <> ""), IF(B97 < D97, A97, IF(D97 < B97, E97, "Oavgjort")), "") | K97: 1 | L97: 1 | P97: 1 | Q97: 1 | U97: 0 | V97: 0 | Z97: 0 | AA97: 0 | AF97: =IF(AB97 = "Borta", AJ97, (IF(AB97 = "Hemma", AI97, 0))) -> 0 | AG97: =IF(AB97 = "Hemma", AJ97, (IF(AB97 = "Borta", AI97, 0))) -> 0 | AH97: =IF(AB97 = "Borta", AK97, (IF(AB97 = "Hemma", AL97, 0))) -> 0 | AI97: 3 | AJ97: 3 | AK97: 6 | AL97: 6
A98: Blå | C98: =IF(ISBLANK(A98), "", "-") -> - | E98: Rosa | F98: =IF(AND(B98 <> "", D98 <> ""), IF(B98 > D98, A98, IF(D98 > B98, E98, "Oavgjort")), "") | G98: =IF(AND(B98 <> "", D98 <> ""), IF(B98 < D98, A98, IF(D98 < B98, E98, "Oavgjort")), "") | K98: 1 | L98: 1 | P98: 1 | Q98: 1 | U98: 0 | V98: 0 | Z98: 0 | AA98: 0 | AF98: =IF(AB98 = "Borta", AJ98, (IF(AB98 = "Hemma", AI98, 0))) -> 0 | AG98: =IF(AB98 = "Hemma", AJ98, (IF(AB98 = "Borta", AI98, 0))) -> 0 | AH98: =IF(AB98 = "Borta", AK98, (IF(AB98 = "Hemma", AL98, 0))) -> 0 | AI98: 3 | AJ98: 3 | AK98: 6 | AL98: 6
A99: Blå | C99: =IF(ISBLANK(A99), "", "-") -> - | E99: Rosa | F99: =IF(AND(B99 <> "", D99 <> ""), IF(B99 > D99, A99, IF(D99 > B99, E99, "Oavgjort")), "") | G99: =IF(AND(B99 <> "", D99 <> ""), IF(B99 < D99, A99, IF(D99 < B99, E99, "Oavgjort")), "") | K99: 1 | L99: 1 | P99: 1 | Q99: 1 | U99: 0 | V99: 0 | Z99: 0 | AA99: 0 | AF99: =IF(AB99 = "Borta", AJ99, (IF(AB99 = "Hemma", AI99, 0))) -> 0 | AG99: =IF(AB99 = "Hemma", AJ99, (IF(AB99 = "Borta", AI99, 0))) -> 0 | AH99: =IF(AB99 = "Borta", AK99, (IF(AB99 = "Hemma", AL99, 0))) -> 0 | AI99: 3 | AJ99: 3 | AK99: 6 | AL99: 6
A100: Blå | C100: =IF(ISBLANK(A100), "", "-") -> - | E100: Rosa | F100: =IF(AND(B100 <> "", D100 <> ""), IF(B100 > D100, A100, IF(D100 > B100, E100, "Oavgjort")), "") | G100: =IF(AND(B100 <> "", D100 <> ""), IF(B100 < D100, A100, IF(D100 < B100, E100, "Oavgjort")), "") | K100: 1 | L100: 1 | P100: 1 | Q100: 1 | U100: 0 | V100: 0 | Z100: 0 | AA100: 0 | AF100: =IF(AB100 = "Borta", AJ100, (IF(AB100 = "Hemma", AI100, 0))) -> 0 | AG100: =IF(AB100 = "Hemma", AJ100, (IF(AB100 = "Borta", AI100, 0))) -> 0 | AH100: =IF(AB100 = "Borta", AK100, (IF(AB100 = "Hemma", AL100, 0))) -> 0 | AI100: 3 | AJ100: 3 | AK100: 6 | AL100: 6
C101: =IF(ISBLANK(A101), "", "-") | F101: =IF(AND(B101 <> "", D101 <> ""), IF(B101 > D101, A101, IF(D101 > B101, E101, "Oavgjort")), "") | G101: =IF(AND(B101 <> "", D101 <> ""), IF(B101 < D101, A101, IF(D101 < B101, E101, "Oavgjort")), "") | K101: 1 | L101: 1 | P101: 1 | Q101: 1 | U101: 0 | V101: 0 | Z101: 0 | AA101: 0 | AF101: =IF(AB101 = "Borta", AJ101, (IF(AB101 = "Hemma", AI101, 0))) -> 0 | AG101: =IF(AB101 = "Hemma", AJ101, (IF(AB101 = "Borta", AI101, 0))) -> 0 | AH101: =IF(AB101 = "Borta", AK101, (IF(AB101 = "Hemma", AL101, 0))) -> 0 | AI101: 3 | AJ101: 3 | AK101: 6 | AL101: 6
C102: =IF(ISBLANK(A102), "", "-") | K102: 1 | L102: 1 | P102: 1 | Q102: 1 | U102: 0 | V102: 0 | Z102: 0 | AA102: 0 | AF102: =IF(AB102 = "Borta", AJ102, (IF(AB102 = "Hemma", AI102, 0))) -> 0 | AG102: =IF(AB102 = "Hemma", AJ102, (IF(AB102 = "Borta", AI102, 0))) -> 0 | AH102: =IF(AB102 = "Borta", AK102, (IF(AB102 = "Hemma", AL102, 0))) -> 0 | AI102: 3 | AJ102: 3 | AK102: 6 | AL102: 6
A104: =IFERROR(__xludf.DUMMYFUNCTION("""Gameweek "" & (VALUE(REGEXEXTRACT(A84, ""Gameweek (\d+)"")) + 1)"),"Gameweek 6") -> Gameweek 6 | H104: =A104 -> Gameweek 6 | K104: Vin. | L104: För. | M104: =A104 -> Gameweek 6 | P104: Vin. | Q104: För. | R104: =A104 -> Gameweek 6 | U104: Vin. | V104: För. | W104: =A104 -> Gameweek 6 | Z104: Vin. | AA104: För. | AB104: =A104 -> Gameweek 6 | AF104: Vin. | AG104: För. | AH104: Nollor | AI104: Temp
A105: =IFERROR(__xludf.DUMMYFUNCTION("IFERROR(ARRAYFORMULA(FLATTEN(SPLIT(REPT(TEXTJOIN("","", TRUE, FILTER({H$2, M$2, R$2}, {H105, M105, R105} <> """")) & "","", CEILING(18 / COUNTA(FILTER({H$2, M$2, R$2}, {H105, M105, R105} <> """")))), "",""))), """") "),"Blå") -> Blå | B105: 0 | C105: =IF(ISBLANK(A105), "", "-") -> - | D105: 1 | E105: {={A122; A105:A121}} -> Grön | F105: =IF(AND(B105 <> "", D105 <> ""), IF(B105 > D105, A105, IF(D105 > B105, E105, "Oavgjort")), "") -> Grön | G105: =IF(AND(B105 <> "", D105 <> ""), IF(B105 < D105, A105, IF(D105 < B105, E105, "Oavgjort")), "") -> Blå | H105: Ivan N | I105: 3 | J105: 1 | K105: {=IF(SEQUENCE(18, 1), COUNTIF(F105:F122, $H$2))} -> 3 | L105: {=IF(SEQUENCE(18, 1), COUNTIF(G105:G122, $H$2))} -> 2 | M105: Casper W | N105: 3 | O105: 0 | P105: {=IF(SEQUENCE(18, 1), COUNTIF(F105:F122, $M$2))} -> 3 | Q105: {=IF(SEQUENCE(18, 1), COUNTIF(G105:G122, $M$2))} -> 3 | R105: Albert A | S105: 0 | T105: 0 | U105: {=IF(SEQUENCE(18, 1), COUNTIF(F105:F122, $R$2))} -> 2 | V105: {=IF(SEQUENCE(18, 1), COUNTIF(G105:G122, $R$2))} -> 3 | W105: Pontus S | X105: 0 | Y105: 3 | Z105: {=IF(SEQUENCE(18, 1), COUNTIF(F105:F122, $W$2))} -> 0 | AA105: {=IF(SEQUENCE(18, 1), COUNTIF(G105:G122, $W$2))} -> 0 | AB105: Hemma | AD105: 0 | AE105: 0 | AF105: =IF(AB105 = "Borta", AJ105, (IF(AB105 = "Hemma", AI105, 0))) -> 3 | AG105: =IF(AB105 = "Hemma", AJ105, (IF(AB105 = "Borta", AI105, 0))) -> 5 | AH105: =IF(AB105 = "Borta", AK105, (IF(AB105 = "Hemma", AL105, 0))) -> 5 | AI105: {=IF(F105 <> "", SEQUENCE(18,1,1,0)*SUM(IF(A105:A122 = F105:F122, 1, 0)), SEQUENCE(18,1,0,0) )} -> 3 | AJ105: {=IF(G105 <> "", SEQUENCE(18,1,1,0)*SUM(IF(E105:E122 = F105:F122, 1, 0)), SEQUENCE(18,1,0,0) )} -> 5 | AK105: {=IF(SEQUENCE(18, 1), COUNTIF(B105:B122, 0))} -> 5 | AL105: {=IF(SEQUENCE(18, 1), COUNTIF(D105:D122, 0))} -> 5
...

Sheet Poängligan
A1: Namn | B1: Mål | C1: Assist | D1: Vinster | E1: Förluster | F1: Närvaro | G1: Nollor | H1: Resultat | J1: PPT | K1: Rating | L1: Namn | M1: Mål | N1: Assist | O1: Vinster | P1: Förluster | Q1: Närvaro | R1: Nollor | S1: Resultat
A2: =IFERROR(__xludf.DUMMYFUNCTION("QUERY(L2:S179, ""SELECT * WHERE L IS NOT NULL ORDER BY S DESC"") "),"Jakob S") -> Jakob S | B2: =IFERROR(__xludf.DUMMYFUNCTION("""COMPUTED_VALUE"""),36.0) -> 36 | C2: =IFERROR(__xludf.DUMMYFUNCTION("""COMPUTED_VALUE"""),37.0) -> 37 | D2: =IFERROR(__xludf.DUMMYFUNCTION("""COMPUTED_VALUE"""),52.0) -> 52 | E2: =IFERROR(__xludf.DUMMYFUNCTION("""COMPUTED_VALUE"""),32.0) -> 32 | F2: =IFERROR(__xludf.DUMMYFUNCTION("""COMPUTED_VALUE"""),15.0) -> 15 | G2: =IFERROR(__xludf.DUMMYFUNCTION("""COMPUTED_VALUE"""),0.0) -> 0 | H2: =IFERROR(__xludf.DUMMYFUNCTION("""COMPUTED_VALUE"""),174.0) -> 174 | I2: =IF(H2 <> "", REPT("▮", ROUND((H2 / $H$2) * 30,0)) & REPT("▯", 30 - ROUND((H2 / $H$2) * 30,0)), "") -> ▮▮▮▮▮▮▮▮▮▮▮▮▮▮▮▮▮▮▮▮▮▮▮▮▮▮▮▮▮▮ | J2: =IFERROR(ROUND(H2/F2, 1), "") -> 11.6 | K2: =IFERROR(ROUND(MIN(99, 94 * (0.8*MIN(1, J2/J$2) + 0.2*H2/H$2)),0), "") -> 94 | L2: {=SORT(UNIQUE(Spelarstatistik!A2:A179))} -> Achillie X | M2: =SUMIF(Spelarstatistik!A$2:A179, L2, Spelarstatistik!B$2:B179) -> 0 | N2: =SUMIF(Spelarstatistik!A$2:A179, L2, Spelarstatistik!C$2:C179) -> 0 | O2: =SUMIF(Spelarstatistik!A$2:A179, L2, Spelarstatistik!D$2:D179) -> 1 | P2: =SUMIF(Spelarstatistik!A$2:A179, L2, Spelarstatistik!E$2:E179) -> 3 | Q2: =COUNTIF(Spelarstatistik!A$2:A179, L2) -> 1 | R2: =SUMIF(Matcher!AC$5:AC179, L2, Matcher!AH$5:AH179) -> 0 | S2: =IF(L2 <> "", ROUND(M2 + N2 + 0.5 * O2 + 5 * Q2 + 0.5 * R2,0), "") -> 6
A3: =IFERROR(__xludf.DUMMYFUNCTION("""COMPUTED_VALUE"""),"Oliver G") -> Oliver G | B3: =IFERROR(__xludf.DUMMYFUNCTION("""COMPUTED_VALUE"""),28.0) -> 28 | C3: =IFERROR(__xludf.DUMMYFUNCTION("""COMPUTED_VALUE"""),22.0) -> 22 | D3: =IFERROR(__xludf.DUMMYFUNCTION("""COMPUTED_VALUE"""),48.0) -> 48 | E3: =IFERROR(__xludf.DUMMYFUNCTION("""COMPUTED_VALUE"""),50.0) -> 50 | F3: =IFERROR(__xludf.DUMMYFUNCTION("""COMPUTED_VALUE"""),17.0) -> 17 | G3: =IFERROR(__xludf.DUMMYFUNCTION("""COMPUTED_VALUE"""),0.0) -> 0 | H3: =IFERROR(__xludf.DUMMYFUNCTION("""COMPUTED_VALUE"""),159.0) -> 159 | I3: =IF(H3 <> "", REPT("▮", ROUND((H3 / $H$2) * 30,0)) & REPT("▯", 30 - ROUND((H3 / $H$2) * 30,0)), "") -> ▮▮▮▮▮▮▮▮▮▮▮▮▮▮▮▮▮▮▮▮▮▮▮▮▮▮▮▯▯▯ | J3: =IFERROR(ROUND(H3/F3, 1), "") -> 9.4 | K3: =IFERROR(ROUND(MIN(99, 94 * (0.8*MIN(1, J3/J$2) + 0.2*H3/H$2)),0), "") -> 78 | L3: Albert A | M3: =SUMIF(Spelarstatistik!A$2:A179, L3, Spelarstatistik!B$2:B179) -> 3 | N3: =SUMIF(Spelarstatistik!A$2:A179, L3, Spelarstatistik!C$2:C179) -> 2 | O3: =SUMIF(Spelarstatistik!A$2:A179, L3, Spelarstatistik!D$2:D179) -> 13 | P3: =SUMIF(Spelarstatistik!A$2:A179, L3, Spelarstatistik!E$2:E179) -> 19 | Q3: =COUNTIF(Spelarstatistik!A$2:A179, L3) -> 6 | R3: =SUMIF(Matcher!AC$5:AC179, L3, Matcher!AH$5:AH179) -> 0 | S3: =IF(L3 <> "", ROUND(M3 + N3 + 0.5 * O3 + 5 * Q3 + 0.5 * R3,0), "") -> 42
A4: =IFERROR(__xludf.DUMMYFUNCTION("""COMPUTED_VALUE"""),"Emil B") -> Emil B | B4: =IFERROR(__xludf.DUMMYFUNCTION("""COMPUTED_VALUE"""),3.0) -> 3 | C4: =IFERROR(__xludf.DUMMYFUNCTION("""COMPUTED_VALUE"""),9.0) -> 9 | D4: =IFERROR(__xludf.DUMMYFUNCTION("""COMPUTED_VALUE"""),56.0) -> 56 | E4: =IFERROR(__xludf.DUMMYFUNCTION("""COMPUTED_VALUE"""),57.0) -> 57 | F4: =IFERROR(__xludf.DUMMYFUNCTION("""COMPUTED_VALUE"""),14.0) -> 14 | G4: =IFERROR(__xludf.DUMMYFUNCTION("""COMPUTED_VALUE"""),72.0) -> 72 | H4: =IFERROR(__xludf.DUMMYFUNCTION("""COMPUTED_VALUE"""),146.0) -> 146 | I4: =IF(H4 <> "", REPT("▮", ROUND((H4 / $H$2) * 30,0)) & REPT("▯", 30 - ROUND((H4 / $H$2) * 30,0)), "") -> ▮▮▮▮▮▮▮▮▮▮▮▮▮▮▮▮▮▮▮▮▮▮▮▮▮▯▯▯▯▯ | J4: =IFERROR(ROUND(H4/F4, 1), "") -> 10.4 | K4: =IFERROR(ROUND(MIN(99, 94 * (0.8*MIN(1, J4/J$2) + 0.2*H4/H$2)),0), "") -> 83 | L4: Amiin M | M4: =SUMIF(Spelarstatistik!A$2:A179, L4, Spelarstatistik!B$2:B179) -> 3 | N4: =SUMIF(Spelarstatistik!A$2:A179, L4, Spelarstatistik!C$2:C179) -> 3 | O4: =SUMIF(Spelarstatistik!A$2:A179, L4, Spelarstatistik!D$2:D179) -> 4 | P4: =SUMIF(Spelarstatistik!A$2:A179, L4, Spelarstatistik!E$2:E179) -> 5 | Q4: =COUNTIF(Spelarstatistik!A$2:A179, L4) -> 1 | R4: =SUMIF(Matcher!AC$5:AC179, L4, Matcher!AH$5:AH179) -> 0 | S4: =IF(L4 <> "", ROUND(M4 + N4 + 0.5 * O4 + 5 * Q4 + 0.5 * R4,0), "") -> 13
A5: =IFERROR(__xludf.DUMMYFUNCTION("""COMPUTED_VALUE"""),"Daniel K") -> Daniel K | B5: =IFERROR(__xludf.DUMMYFUNCTION("""COMPUTED_VALUE"""),24.0) -> 24 | C5: =IFERROR(__xludf.DUMMYFUNCTION("""COMPUTED_VALUE"""),20.0) -> 20 | D5: =IFERROR(__xludf.DUMMYFUNCTION("""COMPUTED_VALUE"""),37.0) -> 37 | E5: =IFERROR(__xludf.DUMMYFUNCTION("""COMPUTED_VALUE"""),36.0) -> 36 | F5: =IFERROR(__xludf.DUMMYFUNCTION("""COMPUTED_VALUE"""),14.0) -> 14 | G5: =IFERROR(__xludf.DUMMYFUNCTION("""COMPUTED_VALUE"""),0.0) -> 0 | H5: =IFERROR(__xludf.DUMMYFUNCTION("""COMPUTED_VALUE"""),133.0) -> 133 | I5: =IF(H5 <> "", REPT("▮", ROUND((H5 / $H$2) * 30,0)) & REPT("▯", 30 - ROUND((H5 / $H$2) * 30,0)), "") -> ▮▮▮▮▮▮▮▮▮▮▮▮▮▮▮▮▮▮▮▮▮▮▮▯▯▯▯▯▯▯ | J5: =IFERROR(ROUND(H5/F5, 1), "") -> 9.5 | K5: =IFERROR(ROUND(MIN(99, 94 * (0.8*MIN(1, J5/J$2) + 0.2*H5/H$2)),0), "") -> 76 | L5: Aria A | M5: =SUMIF(Spelarstatistik!A$2:A179, L5, Spelarstatistik!B$2:B179) -> 11 | N5: =SUMIF(Spelarstatistik!A$2:A179, L5, Spelarstatistik!C$2:C179) -> 15 | O5: =SUMIF(Spelarstatistik!A$2:A179, L5, Spelarstatistik!D$2:D179) -> 33 | P5: =SUMIF(Spelarstatistik!A$2:A179, L5, Spelarstatistik!E$2:E179) -> 22 | Q5: =COUNTIF(Spelarstatistik!A$2:A179, L5) -> 13 | R5: =SUMIF(Matcher!AC$5:AC179, L5, Matcher!AH$5:AH179) -> 0 | S5: =IF(L5 <> "", ROUND(M5 + N5 + 0.5 * O5 + 5 * Q5 + 0.5 * R5,0), "") -> 108
A6: =IFERROR(__xludf.DUMMYFUNCTION("""COMPUTED_VALUE"""),"Oskar R") -> Oskar R | B6: =IFERROR(__xludf.DUMMYFUNCTION("""COMPUTED_VALUE"""),16.0) -> 16 | C6: =IFERROR(__xludf.DUMMYFUNCTION("""COMPUTED_VALUE"""),23.0) -> 23 | D6: =IFERROR(__xludf.DUMMYFUNCTION("""COMPUTED_VALUE"""),48.0) -> 48 | E6: =IFERROR(__xludf.DUMMYFUNCTION("""COMPUTED_VALUE"""),35.0) -> 35 | F6: =IFERROR(__xludf.DUMMYFUNCTION("""COMPUTED_VALUE"""),14.0) -> 14 | G6: =IFERROR(__xludf.DUMMYFUNCTION("""COMPUTED_VALUE"""),0.0) -> 0 | H6: =IFERROR(__xludf.DUMMYFUNCTION("""COMPUTED_VALUE"""),133.0) -> 133 | I6: =IF(H6 <> "", REPT("▮", ROUND((H6 / $H$2) * 30,0)) & REPT("▯", 30 - ROUND((H6 / $H$2) * 30,0)), "") -> ▮▮▮▮▮▮▮▮▮▮▮▮▮▮▮▮▮▮▮▮▮▮▮▯▯▯▯▯▯▯ | J6: =IFERROR(ROUND(H6/F6, 1), "") -> 9.5 | K6: =IFERROR(ROUND(MIN(99, 94 * (0.8*MIN(1, J6/J$2) + 0.2*H6/H$2)),0), "") -> 76 | L6: Benjamin L | M6: =SUMIF(Spelarstatistik!A$2:A179, L6, Spelarstatistik!B$2:B179) -> 1 | N6: =SUMIF(Spelarstatistik!A$2:A179, L6, Spelarstatistik!C$2:C179) -> 4 | O6: =SUMIF(Spelarstatistik!A$2:A179, L6, Spelarstatistik!D$2:D179) -> 16 | P6: =SUMIF(Spelarstatistik!A$2:A179, L6, Spelarstatistik!E$2:E179) -> 14 | Q6: =COUNTIF(Spelarstatistik!A$2:A179, L6) -> 6 | R6: =SUMIF(Matcher!AC$5:AC179, L6, Matcher!AH$5:AH179) -> 0 | S6: =IF(L6 <> "", ROUND(M6 + N6 + 0.5 * O6 + 5 * Q6 + 0.5 * R6,0), "") -> 43
A7: =IFERROR(__xludf.DUMMYFUNCTION("""COMPUTED_VALUE"""),"Ivan N") -> Ivan N | B7: =IFERROR(__xludf.DUMMYFUNCTION("""COMPUTED_VALUE"""),27.0) -> 27 | C7: =IFERROR(__xludf.DUMMYFUNCTION("""COMPUTED_VALUE"""),24.0) -> 24 | D7: =IFERROR(__xludf.DUMMYFUNCTION("""COMPUTED_VALUE"""),35.0) -> 35 | E7: =IFERROR(__xludf.DUMMYFUNCTION("""COMPUTED_VALUE"""),39.0) -> 39 | F7: =IFERROR(__xludf.DUMMYFUNCTION("""COMPUTED_VALUE"""),12.0) -> 12 | G7: =IFERROR(__xludf.DUMMYFUNCTION("""COMPUTED_VALUE"""),0.0) -> 0 | H7: =IFERROR(__xludf.DUMMYFUNCTION("""COMPUTED_VALUE"""),129.0) -> 129 | I7: =IF(H7 <> "", REPT("▮", ROUND((H7 / $H$2) * 30,0)) & REPT("▯", 30 - ROUND((H7 / $H$2) * 30,0)), "") -> ▮▮▮▮▮▮▮▮▮▮▮▮▮▮▮▮▮▮▮▮▮▮▯▯▯▯▯▯▯▯ | J7: =IFERROR(ROUND(H7/F7, 1), "") -> 10.8 | K7: =IFERROR(ROUND(MIN(99, 94 * (0.8*MIN(1, J7/J$2) + 0.2*H7/H$2)),0), "") -> 84 | L7: Branislav D | M7: =SUMIF(Spelarstatistik!A$2:A179, L7, Spelarstatistik!B$2:B179) -> 10 | N7: =SUMIF(Spelarstatistik!A$2:A179, L7, Spelarstatistik!C$2:C179) -> 9 | O7: =SUMIF(Spelarstatistik!A$2:A179, L7, Spelarstatistik!D$2:D179) -> 22 | P7: =SUMIF(Spelarstatistik!A$2:A179, L7, Spelarstatistik!E$2:E179) -> 14 | Q7: =COUNTIF(Spelarstatistik!A$2:A179, L7) -> 5 | R7: =SUMIF(Matcher!AC$5:AC179, L7, Matcher!AH$5:AH179) -> 3 | S7: =IF(L7 <> "", ROUND(M7 + N7 + 0.5 * O7 + 5 * Q7 + 0.5 * R7,0), "") -> 57
A8: =IFERROR(__xludf.DUMMYFUNCTION("""COMPUTED_VALUE"""),"Aria A") -> Aria A | B8: =IFERROR(__xludf.DUMMYFUNCTION("""COMPUTED_VALUE"""),11.0) -> 11 | C8: =IFERROR(__xludf.DUMMYFUNCTION("""COMPUTED_VALUE"""),15.0) -> 15 | D8: =IFERROR(__xludf.DUMMYFUNCTION("""COMPUTED_VALUE"""),33.0) -> 33 | E8: =IFERROR(__xludf.DUMMYFUNCTION("""COMPUTED_VALUE"""),22.0) -> 22 | F8: =IFERROR(__xludf.DUMMYFUNCTION("""COMPUTED_VALUE"""),13.0) -> 13 | G8: =IFERROR(__xludf.DUMMYFUNCTION("""COMPUTED_VALUE"""),0.0) -> 0 | H8: =IFERROR(__xludf.DUMMYFUNCTION("""COMPUTED_VALUE"""),108.0) -> 108 | I8: =IF(H8 <> "", REPT("▮", ROUND((H8 / $H$2) * 30,0)) & REPT("▯", 30 - ROUND((H8 / $H$2) * 30,0)), "") -> ▮▮▮▮▮▮▮▮▮▮▮▮▮▮▮▮▮▮▮▯▯▯▯▯▯▯▯▯▯▯ | J8: =IFERROR(ROUND(H8/F8, 1), "") -> 8.3 | K8: =IFERROR(ROUND(MIN(99, 94 * (0.8*MIN(1, J8/J$2) + 0.2*H8/H$2)),0), "") -> 65 | L8: Casper W | M8: =SUMIF(Spelarstatistik!A$2:A179, L8, Spelarstatistik!B$2:B179) -> 8 | N8: =SUMIF(Spelarstatistik!A$2:A179, L8, Spelarstatistik!C$2:C179) -> 1 | O8: =SUMIF(Spelarstatistik!A$2:A179, L8, Spelarstatistik!D$2:D179) -> 13 | P8: =SUMIF(Spelarstatistik!A$2:A179, L8, Spelarstatistik!E$2:E179) -> 26 | Q8: =COUNTIF(Spelarstatistik!A$2:A179, L8) -> 6 | R8: =SUMIF(Matcher!AC$5:AC179, L8, Matcher!AH$5:AH179) -> 0 | S8: =IF(L8 <> "", ROUND(M8 + N8 + 0.5 * O8 + 5 * Q8 + 0.5 * R8,0), "") -> 46
A9: =IFERROR(__xludf.DUMMYFUNCTION("""COMPUTED_VALUE"""),"Samuel P") -> Samuel P | B9: =IFERROR(__xludf.DUMMYFUNCTION("""COMPUTED_VALUE"""),11.0) -> 11 | C9: =IFERROR(__xludf.DUMMYFUNCTION("""COMPUTED_VALUE"""),29.0) -> 29 | D9: =IFERROR(__xludf.DUMMYFUNCTION("""COMPUTED_VALUE"""),28.0) -> 28 | E9: =IFERROR(__xludf.DUMMYFUNCTION("""COMPUTED_VALUE"""),40.0) -> 40 | F9: =IFERROR(__xludf.DUMMYFUNCTION("""COMPUTED_VALUE"""),10.0) -> 10 | G9: =IFERROR(__xludf.DUMMYFUNCTION("""COMPUTED_VALUE"""),0.0) -> 0 | H9: =IFERROR(__xludf.DUMMYFUNCTION("""COMPUTED_VALUE"""),104.0) -> 104 | I9: =IF(H9 <> "", REPT("▮", ROUND((H9 / $H$2) * 30,0)) & REPT("▯", 30 - ROUND((H9 / $H$2) * 30,0)), "") -> ▮▮▮▮▮▮▮▮▮▮▮▮▮▮▮▮▮▮▯▯▯▯▯▯▯▯▯▯▯▯ | J9: =IFERROR(ROUND(H9/F9, 1), "") -> 10.4 | K9: =IFERROR(ROUND(MIN(99, 94 * (0.8*MIN(1, J9/J$2) + 0.2*H9/H$2)),0), "") -> 79 | L9: Daniel K | M9: =SUMIF(Spelarstatistik!A$2:A179, L9, Spelarstatistik!B$2:B179) -> 24 | N9: =SUMIF(Spelarstatistik!A$2:A179, L9, Spelarstatistik!C$2:C179) -> 20 | O9: =SUMIF(Spelarstatistik!A$2:A179, L9, Spelarstatistik!D$2:D179) -> 37 | P9: =SUMIF(Spelarstatistik!A$2:A179, L9, Spelarstatistik!E$2:E179) -> 36 | Q9: =COUNTIF(Spelarstatistik!A$2:A179, L9) -> 14 | R9: =SUMIF(Matcher!AC$5:AC179, L9, Matcher!AH$5:AH179) -> 0 | S9: =IF(L9 <> "", ROUND(M9 + N9 + 0.5 * O9 + 5 * Q9 + 0.5 * R9,0), "") -> 133
A10: =IFERROR(__xludf.DUMMYFUNCTION("""COMPUTED_VALUE"""),"Dennis F") -> Dennis F | B10: =IFERROR(__xludf.DUMMYFUNCTION("""COMPUTED_VALUE"""),23.0) -> 23 | C10: =IFERROR(__xludf.DUMMYFUNCTION("""COMPUTED_VALUE"""),11.0) -> 11 | D10: =IFERROR(__xludf.DUMMYFUNCTION("""COMPUTED_VALUE"""),30.0) -> 30 | E10: =IFERROR(__xludf.DUMMYFUNCTION("""COMPUTED_VALUE"""),20.0) -> 20 | F10: =IFERROR(__xludf.DUMMYFUNCTION("""COMPUTED_VALUE"""),9.0) -> 9 | G10: =IFERROR(__xludf.DUMMYFUNCTION("""COMPUTED_VALUE"""),6.0) -> 6 | H10: =IFERROR(__xludf.DUMMYFUNCTION("""COMPUTED_VALUE"""),97.0) -> 97 | I10: =IF(H10 <> "", REPT("▮", ROUND((H10 / $H$2) * 30,0)) & REPT("▯", 30 - ROUND((H10 / $H$2) * 30,0)), "") -> ▮▮▮▮▮▮▮▮▮▮▮▮▮▮▮▮▮▯▯▯▯▯▯▯▯▯▯▯▯▯ | J10: =IFERROR(ROUND(H10/F10, 1), "") -> 10.8 | K10: =IFERROR(ROUND(MIN(99, 94 * (0.8*MIN(1, J10/J$2) + 0.2*H10/H$2)),0), "") -> 80 | L10: Daniel Ö | M10: =SUMIF(Spelarstatistik!A$2:A179, L10, Spelarstatistik!B$2:B179) -> 26 | N10: =SUMIF(Spelarstatistik!A$2:A179, L10, Spelarstatistik!C$2:C179) -> 12 | O10: =SUMIF(Spelarstatistik!A$2:A179, L10, Spelarstatistik!D$2:D179) -> 19 | P10: =SUMIF(Spelarstatistik!A$2:A179, L10, Spelarstatistik!E$2:E179) -> 15 | Q10: =COUNTIF(Spelarstatistik!A$2:A179, L10) -> 6 | R10: =SUMIF(Matcher!AC$5:AC179, L10, Matcher!AH$5:AH179) -> 0 | S10: =IF(L10 <> "", ROUND(M10 + N10 + 0.5 * O10 + 5 * Q10 + 0.5 * R10,0), "") -> 78
A11: =IFERROR(__xludf.DUMMYFUNCTION("""COMPUTED_VALUE"""),"Yvan I") -> Yvan I | B11: =IFERROR(__xludf.DUMMYFUNCTION("""COMPUTED_VALUE"""),16.0) -> 16 | C11: =IFERROR(__xludf.DUMMYFUNCTION("""COMPUTED_VALUE"""),9.0) -> 9 | D11: =IFERROR(__xludf.DUMMYFUNCTION("""COMPUTED_VALUE"""),13.0) -> 13 | E11: =IFERROR(__xludf.DUMMYFUNCTION("""COMPUTED_VALUE"""),47.0) -> 47 | F11: =IFERROR(__xludf.DUMMYFUNCTION("""COMPUTED_VALUE"""),12.0) -> 12 | G11: =IFERROR(__xludf.DUMMYFUNCTION("""COMPUTED_VALUE"""),0.0) -> 0 | H11: =IFERROR(__xludf.DUMMYFUNCTION("""COMPUTED_VALUE"""),92.0) -> 92 | I11: =IF(H11 <> "", REPT("▮", ROUND((H11 / $H$2) * 30,0)) & REPT("▯", 30 - ROUND((H11 / $H$2) * 30,0)), "") -> ▮▮▮▮▮▮▮▮▮▮▮▮▮▮▮▮▯▯▯▯▯▯▯▯▯▯▯▯▯▯ | J11: =IFERROR(ROUND(H11/F11, 1), "") -> 7.7 | K11: =IFERROR(ROUND(MIN(99, 94 * (0.8*MIN(1, J11/J$2) + 0.2*H11/H$2)),0), "") -> 60 | L11: Dennis F | M11: =SUMIF(Spelarstatistik!A$2:A179, L11, Spelarstatistik!B$2:B179) -> 23 | N11: =SUMIF(Spelarstatistik!A$2:A179, L11, Spelarstatistik!C$2:C179) -> 11 | O11: =SUMIF(Spelarstatistik!A$2:A179, L11, Spelarstatistik!D$2:D179) -> 30 | P11: =SUMIF(Spelarstatistik!A$2:A179, L11, Spelarstatistik!E$2:E179) -> 20 | Q11: =COUNTIF(Spelarstatistik!A$2:A179, L11) -> 9 | R11: =SUMIF(Matcher!AC$5:AC179, L11, Matcher!AH$5:AH179) -> 6 | S11: =IF(L11 <> "", ROUND(M11 + N11 + 0.5 * O11 + 5 * Q11 + 0.5 * R11,0), "") -> 97
A12: =IFERROR(__xludf.DUMMYFUNCTION("""COMPUTED_VALUE"""),"Shahir I") -> Shahir I | B12: =IFERROR(__xludf.DUMMYFUNCTION("""COMPUTED_VALUE"""),10.0) -> 10 | C12: =IFERROR(__xludf.DUMMYFUNCTION("""COMPUTED_VALUE"""),11.0) -> 11 | D12: =IFERROR(__xludf.DUMMYFUNCTION("""COMPUTED_VALUE"""),34.0) -> 34 | E12: =IFERROR(__xludf.DUMMYFUNCTION("""COMPUTED_VALUE"""),23.0) -> 23 | F12: =IFERROR(__xludf.DUMMYFUNCTION("""COMPUTED_VALUE"""),10.0) -> 10 | G12: =IFERROR(__xludf.DUMMYFUNCTION("""COMPUTED_VALUE"""),0.0) -> 0 | H12: =IFERROR(__xludf.DUMMYFUNCTION("""COMPUTED_VALUE"""),88.0) -> 88 | I12: =IF(H12 <> "", REPT("▮", ROUND((H12 / $H$2) * 30,0)) & REPT("▯", 30 - ROUND((H12 / $H$2) * 30,0)), "") -> ▮▮▮▮▮▮▮▮▮▮▮▮▮▮▮▯▯▯▯▯▯▯▯▯▯▯▯▯▯▯ | J12: =IFERROR(ROUND(H12/F12, 1), "") -> 8.8 | K12: =IFERROR(ROUND(MIN(99, 94 * (0.8*MIN(1, J12/J$2) + 0.2*H12/H$2)),0), "") -> 67 | L12: Einar D | M12: =SUMIF(Spelarstatistik!A$2:A179, L12, Spelarstatistik!B$2:B179) -> 0 | N12: =SUMIF(Spelarstatistik!A$2:A179, L12, Spelarstatistik!C$2:C179) -> 0 | O12: =SUMIF(Spelarstatistik!A$2:A179, L12, Spelarstatistik!D$2:D179) -> 6 | P12: =SUMIF(Spelarstatistik!A$2:A179, L12, Spelarstatistik!E$2:E179) -> 9 | Q12: =COUNTIF(Spelarstatistik!A$2:A179, L12) -> 2 | R12: =SUMIF(Matcher!AC$5:AC179, L12, Matcher!AH$5:AH179) -> 9 | S12: =IF(L12 <> "", ROUND(M12 + N12 + 0.5 * O12 + 5 * Q12 + 0.5 * R12,0), "") -> 18
A13: =IFERROR(__xludf.DUMMYFUNCTION("""COMPUTED_VALUE"""),"Daniel Ö") -> Daniel Ö | B13: =IFERROR(__xludf.DUMMYFUNCTION("""COMPUTED_VALUE"""),26.0) -> 26 | C13: =IFERROR(__xludf.DUMMYFUNCTION("""COMPUTED_VALUE"""),12.0) -> 12 | D13: =IFERROR(__xludf.DUMMYFUNCTION("""COMPUTED_VALUE"""),19.0) -> 19 | E13: =IFERROR(__xludf.DUMMYFUNCTION("""COMPUTED_VALUE"""),15.0) -> 15 | F13: =IFERROR(__xludf.DUMMYFUNCTION("""COMPUTED_VALUE"""),6.0) -> 6 | G13: =IFERROR(__xludf.DUMMYFUNCTION("""COMPUTED_VALUE"""),0.0) -> 0 | H13: =IFERROR(__xludf.DUMMYFUNCTION("""COMPUTED_VALUE"""),78.0) -> 78 | I13: =IF(H13 <> "", REPT("▮", ROUND((H13 / $H$2) * 30,0)) & REPT("▯", 30 - ROUND((H13 / $H$2) * 30,0)), "") -> ▮▮▮▮▮▮▮▮▮▮▮▮▮▯▯▯▯▯▯▯▯▯▯▯▯▯▯▯▯▯ | J13: =IFERROR(ROUND(H13/F13, 1), "") -> 13 | K13: =IFERROR(ROUND(MIN(99, 94 * (0.8*MIN(1, J13/J$2) + 0.2*H13/H$2)),0), "") -> 84 | L13: Emil A | M13: =SUMIF(Spelarstatistik!A$2:A179, L13, Spelarstatistik!B$2:B179) -> 3 | N13: =SUMIF(Spelarstatistik!A$2:A179, L13, Spelarstatistik!C$2:C179) -> 6 | O13: =SUMIF(Spelarstatistik!A$2:A179, L13, Spelarstatistik!D$2:D179) -> 14 | P13: =SUMIF(Spelarstatistik!A$2:A179, L13, Spelarstatistik!E$2:E179) -> 17 | Q13: =COUNTIF(Spelarstatistik!A$2:A179, L13) -> 5 | R13: =SUMIF(Matcher!AC$5:AC179, L13, Matcher!AH$5:AH179) -> 0 | S13: =IF(L13 <> "", ROUND(M13 + N13 + 0.5 * O13 + 5 * Q13 + 0.5 * R13,0), "") -> 41
A14: =IFERROR(__xludf.DUMMYFUNCTION("""COMPUTED_VALUE"""),"Pontus S") -> Pontus S | B14: =IFERROR(__xludf.DUMMYFUNCTION("""COMPUTED_VALUE"""),0.0) -> 0 | C14: =IFERROR(__xludf.DUMMYFUNCTION("""COMPUTED_VALUE"""),21.0) -> 21 | D14: =IFERROR(__xludf.DUMMYFUNCTION("""COMPUTED_VALUE"""),4.0) -> 4 | E14: =IFERROR(__xludf.DUMMYFUNCTION("""COMPUTED_VALUE"""),1.0) -> 1 | F14: =IFERROR(__xludf.DUMMYFUNCTION("""COMPUTED_VALUE"""),9.0) -> 9 | G14: =IFERROR(__xludf.DUMMYFUNCTION("""COMPUTED_VALUE"""),6.0) -> 6 | H14: =IFERROR(__xludf.DUMMYFUNCTION("""COMPUTED_VALUE"""),71.0) -> 71 | I14: =IF(H14 <> "", REPT("▮", ROUND((H14 / $H$2) * 30,0)) & REPT("▯", 30 - ROUND((H14 / $H$2) * 30,0)), "") -> ▮▮▮▮▮▮▮▮▮▮▮▮▯▯▯▯▯▯▯▯▯▯▯▯▯▯▯▯▯▯ | J14: =IFERROR(ROUND(H14/F14, 1), "") -> 7.9 | K14: =IFERROR(ROUND(MIN(99, 94 * (0.8*MIN(1, J14/J$2) + 0.2*H14/H$2)),0), "") -> 59 | L14: Emil B | M14: =SUMIF(Spelarstatistik!A$2:A179, L14, Spelarstatistik!B$2:B179) -> 3 | N14: =SUMIF(Spelarstatistik!A$2:A179, L14, Spelarstatistik!C$2:C179) -> 9 | O14: =SUMIF(Spelarstatistik!A$2:A179, L14, Spelarstatistik!D$2:D179) -> 56 | P14: =SUMIF(Spelarstatistik!A$2:A179, L14, Spelarstatistik!E$2:E179) -> 57 | Q14: =COUNTIF(Spelarstatistik!A$2:A179, L14) -> 14 | R14: =SUMIF(Matcher!AC$5:AC179, L14, Matcher!AH$5:AH179) -> 72 | S14: =IF(L14 <> "", ROUND(M14 + N14 + 0.5 * O14 + 5 * Q14 + 0.5 * R14,0), "") -> 146
A15: =IFERROR(__xludf.DUMMYFUNCTION("""COMPUTED_VALUE"""),"Isak L") -> Isak L | B15: =IFERROR(__xludf.DUMMYFUNCTION("""COMPUTED_VALUE"""),13.0) -> 13 | C15: =IFERROR(__xludf.DUMMYFUNCTION("""COMPUTED_VALUE"""),11.0) -> 11 | D15: =IFERROR(__xludf.DUMMYFUNCTION("""COMPUTED_VALUE"""),17.0) -> 17 | E15: =IFERROR(__xludf.DUMMYFUNCTION("""COMPUTED_VALUE"""),27.0) -> 27 | F15: =IFERROR(__xludf.DUMMYFUNCTION("""COMPUTED_VALUE"""),7.0) -> 7 | G15: =IFERROR(__xludf.DUMMYFUNCTION("""COMPUTED_VALUE"""),0.0) -> 0 | H15: =IFERROR(__xludf.DUMMYFUNCTION("""COMPUTED_VALUE"""),68.0) -> 68 | I15: =IF(H15 <> "", REPT("▮", ROUND((H15 / $H$2) * 30,0)) & REPT("▯", 30 - ROUND((H15 / $H$2) * 30,0)), "") -> ▮▮▮▮▮▮▮▮▮▮▮▮▯▯▯▯▯▯▯▯▯▯▯▯▯▯▯▯▯▯ | J15: =IFERROR(ROUND(H15/F15, 1), "") -> 9.7 | K15: =IFERROR(ROUND(MIN(99, 94 * (0.8*MIN(1, J15/J$2) + 0.2*H15/H$2)),0), "") -> 70 | L15: Emil F | M15: =SUMIF(Spelarstatistik!A$2:A179, L15, Spelarstatistik!B$2:B179) -> 9 | N15: =SUMIF(Spelarstatistik!A$2:A179, L15, Spelarstatistik!C$2:C179) -> 3 | O15: =SUMIF(Spelarstatistik!A$2:A179, L15, Spelarstatistik!D$2:D179) -> 8 | P15: =SUMIF(Spelarstatistik!A$2:A179, L15, Spelarstatistik!E$2:E179) -> 6 | Q15: =COUNTIF(Spelarstatistik!A$2:A179, L15) -> 2 | R15: =SUMIF(Matcher!AC$5:AC179, L15, Matcher!AH$5:AH179) -> 0 | S15: =IF(L15 <> "", ROUND(M15 + N15 + 0.5 * O15 + 5 * Q15 + 0.5 * R15,0), "") -> 26
A16: =IFERROR(__xludf.DUMMYFUNCTION("""COMPUTED_VALUE"""),"Jesper N") -> Jesper N | B16: =IFERROR(__xludf.DUMMYFUNCTION("""COMPUTED_VALUE"""),0.0) -> 0 | C16: =IFERROR(__xludf.DUMMYFUNCTION("""COMPUTED_VALUE"""),7.0) -> 7 | D16: =IFERROR(__xludf.DUMMYFUNCTION("""COMPUTED_VALUE"""),21.0) -> 21 | E16: =IFERROR(__xludf.DUMMYFUNCTION("""COMPUTED_VALUE"""),15.0) -> 15 | F16: =IFERROR(__xludf.DUMMYFUNCTION("""COMPUTED_VALUE"""),7.0) -> 7 | G16: =IFERROR(__xludf.DUMMYFUNCTION("""COMPUTED_VALUE"""),20.0) -> 20 | H16: =IFERROR(__xludf.DUMMYFUNCTION("""COMPUTED_VALUE"""),63.0) -> 63 | I16: =IF(H16 <> "", REPT("▮", ROUND((H16 / $H$2) * 30,0)) & REPT("▯", 30 - ROUND((H16 / $H$2) * 30,0)), "") -> ▮▮▮▮▮▮▮▮▮▮▮▯▯▯▯▯▯▯▯▯▯▯▯▯▯▯▯▯▯▯ | J16: =IFERROR(ROUND(H16/F16, 1), "") -> 9 | K16: =IFERROR(ROUND(MIN(99, 94 * (0.8*MIN(1, J16/J$2) + 0.2*H16/H$2)),0), "") -> 65 | L16: Eskil K | M16: =SUMIF(Spelarstatistik!A$2:A179, L16, Spelarstatistik!B$2:B179) -> 11 | N16: =SUMIF(Spelarstatistik!A$2:A179, L16, Spelarstatistik!C$2:C179) -> 2 | O16: =SUMIF(Spelarstatistik!A$2:A179, L16, Spelarstatistik!D$2:D179) -> 16 | P16: =SUMIF(Spelarstatistik!A$2:A179, L16, Spelarstatistik!E$2:E179) -> 11 | Q16: =COUNTIF(Spelarstatistik!A$2:A179, L16) -> 5 | R16: =SUMIF(Matcher!AC$5:AC179, L16, Matcher!AH$5:AH179) -> 0 | S16: =IF(L16 <> "", ROUND(M16 + N16 + 0.5 * O16 + 5 * Q16 + 0.5 * R16,0), "") -> 46
A17: =IFERROR(__xludf.DUMMYFUNCTION("""COMPUTED_VALUE"""),"Sebastian E") -> Sebastian E | B17: =IFERROR(__xludf.DUMMYFUNCTION("""COMPUTED_VALUE"""),10.0) -> 10 | C17: =IFERROR(__xludf.DUMMYFUNCTION("""COMPUTED_VALUE"""),8.0) -> 8 | D17: =IFERROR(__xludf.DUMMYFUNCTION("""COMPUTED_VALUE"""),18.0) -> 18 | E17: =IFERROR(__xludf.DUMMYFUNCTION("""COMPUTED_VALUE"""),21.0) -> 21 | F17: =IFERROR(__xludf.DUMMYFUNCTION("""COMPUTED_VALUE"""),7.0) -> 7 | G17: =IFERROR(__xludf.DUMMYFUNCTION("""COMPUTED_VALUE"""),0.0) -> 0 | H17: =IFERROR(__xludf.DUMMYFUNCTION("""COMPUTED_VALUE"""),62.0) -> 62 | I17: =IF(H17 <> "", REPT("▮", ROUND((H17 / $H$2) * 30,0)) & REPT("▯", 30 - ROUND((H17 / $H$2) * 30,0)), "") -> ▮▮▮▮▮▮▮▮▮▮▮▯▯▯▯▯▯▯▯▯▯▯▯▯▯▯▯▯▯▯ | J17: =IFERROR(ROUND(H17/F17, 1), "") -> 8.9 | K17: =IFERROR(ROUND(MIN(99, 94 * (0.8*MIN(1, J17/J$2) + 0.2*H17/H$2)),0), "") -> 64 | L17: Fredrik C | M17: =SUMIF(Spelarstatistik!A$2:A179, L17, Spelarstatistik!B$2:B179) -> 3 | N17: =SUMIF(Spelarstatistik!A$2:A179, L17, Spelarstatistik!C$2:C179) -> 4 | O17: =SUMIF(Spelarstatistik!A$2:A179, L17, Spelarstatistik!D$2:D179) -> 6 | P17: =SUMIF(Spelarstatistik!A$2:A179, L17, Spelarstatistik!E$2:E179) -> 0 | Q17: =COUNTIF(Spelarstatistik!A$2:A179, L17) -> 1 | R17: =SUMIF(Matcher!AC$5:AC179, L17, Matcher!AH$5:AH179) -> 0 | S17: =IF(L17 <> "", ROUND(M17 + N17 + 0.5 * O17 + 5 * Q17 + 0.5 * R17,0), "") -> 15
A18: =IFERROR(__xludf.DUMMYFUNCTION("""COMPUTED_VALUE"""),"Branislav D") -> Branislav D | B18: =IFERROR(__xludf.DUMMYFUNCTION("""COMPUTED_VALUE"""),10.0) -> 10 | C18: =IFERROR(__xludf.DUMMYFUNCTION("""COMPUTED_VALUE"""),9.0) -> 9 | D18: =IFERROR(__xludf.DUMMYFUNCTION("""COMPUTED_VALUE"""),22.0) -> 22 | E18: =IFERROR(__xludf.DUMMYFUNCTION("""COMPUTED_VALUE"""),14.0) -> 14 | F18: =IFERROR(__xludf.DUMMYFUNCTION("""COMPUTED_VALUE"""),5.0) -> 5 | G18: =IFERROR(__xludf.DUMMYFUNCTION("""COMPUTED_VALUE"""),3.0) -> 3 | H18: =IFERROR(__xludf.DUMMYFUNCTION("""COMPUTED_VALUE"""),57.0) -> 57 | I18: =IF(H18 <> "", REPT("▮", ROUND((H18 / $H$2) * 30,0)) & REPT("▯", 30 - ROUND((H18 / $H$2) * 30,0)), "") -> ▮▮▮▮▮▮▮▮▮▮▯▯▯▯▯▯▯▯▯▯▯▯▯▯▯▯▯▯▯▯ | J18: =IFERROR(ROUND(H18/F18, 1), "") -> 11.4 | K18: =IFERROR(ROUND(MIN(99, 94 * (0.8*MIN(1, J18/J$2) + 0.2*H18/H$2)),0), "") -> 80 | L18: George | M18: =SUMIF(Spelarstatistik!A$2:A179, L18, Spelarstatistik!B$2:B179) -> 1 | N18: =SUMIF(Spelarstatistik!A$2:A179, L18, Spelarstatistik!C$2:C179) -> 1 | O18: =SUMIF(Spelarstatistik!A$2:A179, L18, Spelarstatistik!D$2:D179) -> 9 | P18: =SUMIF(Spelarstatistik!A$2:A179, L18, Spelarstatistik!E$2:E179) -> 6 | Q18: =COUNTIF(Spelarstatistik!A$2:A179, L18) -> 2 | R18: =SUMIF(Matcher!AC$5:AC179, L18, Matcher!AH$5:AH179) -> 0 | S18: =IF(L18 <> "", ROUND(M18 + N18 + 0.5 * O18 + 5 * Q18 + 0.5 * R18,0), "") -> 17
A19: =IFERROR(__xludf.DUMMYFUNCTION("""COMPUTED_VALUE"""),"Henrik O") -> Henrik O | B19: =IFERROR(__xludf.DUMMYFUNCTION("""COMPUTED_VALUE"""),9.0) -> 9 | C19: =IFERROR(__xludf.DUMMYFUNCTION("""COMPUTED_VALUE"""),4.0) -> 4 | D19: =IFERROR(__xludf.DUMMYFUNCTION("""COMPUTED_VALUE"""),19.0) -> 19 | E19: =IFERROR(__xludf.DUMMYFUNCTION("""COMPUTED_VALUE"""),14.0) -> 14 | F19: =IFERROR(__xludf.DUMMYFUNCTION("""COMPUTED_VALUE"""),5.0) -> 5 | G19: =IFERROR(__xludf.DUMMYFUNCTION("""COMPUTED_VALUE"""),0.0) -> 0 | H19: =IFERROR(__xludf.DUMMYFUNCTION("""COMPUTED_VALUE"""),48.0) -> 48 | I19: =IF(H19 <> "", REPT("▮", ROUND((H19 / $H$2) * 30,0)) & REPT("▯", 30 - ROUND((H19 / $H$2) * 30,0)), "") -> ▮▮▮▮▮▮▮▮▯▯▯▯▯▯▯▯▯▯▯▯▯▯▯▯▯▯▯▯▯▯ | J19: =IFERROR(ROUND(H19/F19, 1), "") -> 9.6 | K19: =IFERROR(ROUND(MIN(99, 94 * (0.8*MIN(1, J19/J$2) + 0.2*H19/H$2)),0), "") -> 67 | L19: George T | M19: =SUMIF(Spelarstatistik!A$2:A179, L19, Spelarstatistik!B$2:B179) -> 4 | N19: =SUMIF(Spelarstatistik!A$2:A179, L19, Spelarstatistik!C$2:C179) -> 7 | O19: =SUMIF(Spelarstatistik!A$2:A179, L19, Spelarstatistik!D$2:D179) -> 12 | P19: =SUMIF(Spelarstatistik!A$2:A179, L19, Spelarstatistik!E$2:E179) -> 14 | Q19: =COUNTIF(Spelarstatistik!A$2:A179, L19) -> 4 | R19: =SUMIF(Matcher!AC$5:AC179, L19, Matcher!AH$5:AH179) -> 0 | S19: =IF(L19 <> "", ROUND(M19 + N19 + 0.5 * O19 + 5 * Q19 + 0.5 * R19,0), "") -> 37
A20: =IFERROR(__xludf.DUMMYFUNCTION("""COMPUTED_VALUE"""),"Casper W") -> Casper W | B20: =IFERROR(__xludf.DUMMYFUNCTION("""COMPUTED_VALUE"""),8.0) -> 8 | C20: =IFERROR(__xludf.DUMMYFUNCTION("""COMPUTED_VALUE"""),1.0) -> 1 | D20: =IFERROR(__xludf.DUMMYFUNCTION("""COMPUTED_VALUE"""),13.0) -> 13 | E20: =IFERROR(__xludf.DUMMYFUNCTION("""COMPUTED_VALUE"""),26.0) -> 26 | F20: =IFERROR(__xludf.DUMMYFUNCTION("""COMPUTED_VALUE"""),6.0) -> 6 | G20: =IFERROR(__xludf.DUMMYFUNCTION("""COMPUTED_VALUE"""),0.0) -> 0 | H20: =IFERROR(__xludf.DUMMYFUNCTION("""COMPUTED_VALUE"""),46.0) -> 46 | I20: =IF(H20 <> "", REPT("▮", ROUND((H20 / $H$2) * 30,0)) & REPT("▯", 30 - ROUND((H20 / $H$2) * 30,0)), "") -> ▮▮▮▮▮▮▮▮▯▯▯▯▯▯▯▯▯▯▯▯▯▯▯▯▯▯▯▯▯▯ | J20: =IFERROR(ROUND(H20/F20, 1), "") -> 7.7 | K20: =IFERROR(ROUND(MIN(99, 94 * (0.8*MIN(1, J20/J$2) + 0.2*H20/H$2)),0), "") -> 55 | L20: Georgios T | M20: =SUMIF(Spelarstatistik!A$2:A179, L20, Spelarstatistik!B$2:B179) -> 1 | N20: =SUMIF(Spelarstatistik!A$2:A179, L20, Spelarstatistik!C$2:C179) -> 1 | O20: =SUMIF(Spelarstatistik!A$2:A179, L20, Spelarstatistik!D$2:D179) -> 5 | P20: =SUMIF(Spelarstatistik!A$2:A179, L20, Spelarstatistik!E$2:E179) -> 1 | Q20: =COUNTIF(Spelarstatistik!A$2:A179, L20) -> 1 | R20: =SUMIF(Matcher!AC$5:AC179, L20, Matcher!AH$5:AH179) -> 0 | S20: =IF(L20 <> "", ROUND(M20 + N20 + 0.5 * O20 + 5 * Q20 + 0.5 * R20,0), "") -> 10
A21: =IFERROR(__xludf.DUMMYFUNCTION("""COMPUTED_VALUE"""),"Eskil K") -> Eskil K | B21: =IFERROR(__xludf.DUMMYFUNCTION("""COMPUTED_VALUE"""),11.0) -> 11 | C21: =IFERROR(__xludf.DUMMYFUNCTION("""COMPUTED_VALUE"""),2.0) -> 2 | D21: =IFERROR(__xludf.DUMMYFUNCTION("""COMPUTED_VALUE"""),16.0) -> 16 | E21: =IFERROR(__xludf.DUMMYFUNCTION("""COMPUTED_VALUE"""),11.0) -> 11 | F21: =IFERROR(__xludf.DUMMYFUNCTION("""COMPUTED_VALUE"""),5.0) -> 5 | G21: =IFERROR(__xludf.DUMMYFUNCTION("""COMPUTED_VALUE"""),0.0) -> 0 | H21: =IFERROR(__xludf.DUMMYFUNCTION("""COMPUTED_VALUE"""),46.0) -> 46 | I21: =IF(H21 <> "", REPT("▮", ROUND((H21 / $H$2) * 30,0)) & REPT("▯", 30 - ROUND((H21 / $H$2) * 30,0)), "") -> ▮▮▮▮▮▮▮▮▯▯▯▯▯▯▯▯▯▯▯▯▯▯▯▯▯▯▯▯▯▯ | J21: =IFERROR(ROUND(H21/F21, 1), "") -> 9.2 | K21: =IFERROR(ROUND(MIN(99, 94 * (0.8*MIN(1, J21/J$2) + 0.2*H21/H$2)),0), "") -> 65 | L21: Gustav X | M21: =SUMIF(Spelarstatistik!A$2:A179, L21, Spelarstatistik!B$2:B179) -> 5 | N21: =SUMIF(Spelarstatistik!A$2:A179, L21, Spelarstatistik!C$2:C179) -> 0 | O21: =SUMIF(Spelarstatistik!A$2:A179, L21, Spelarstatistik!D$2:D179) -> 4 | P21: =SUMIF(Spelarstatistik!A$2:A179, L21, Spelarstatistik!E$2:E179) -> 2 | Q21: =COUNTIF(Spelarstatistik!A$2:A179, L21) -> 1 | R21: =SUMIF(Matcher!AC$5:AC179, L21, Matcher!AH$5:AH179) -> 0 | S21: =IF(L21 <> "", ROUND(M21 + N21 + 0.5 * O21 + 5 * Q21 + 0.5 * R21,0), "") -> 12
A22: =IFERROR(__xludf.DUMMYFUNCTION("""COMPUTED_VALUE"""),"Milos G") -> Milos G | B22: =IFERROR(__xludf.DUMMYFUNCTION("""COMPUTED_VALUE"""),14.0) -> 14 | C22: =IFERROR(__xludf.DUMMYFUNCTION("""COMPUTED_VALUE"""),9.0) -> 9 | D22: =IFERROR(__xludf.DUMMYFUNCTION("""COMPUTED_VALUE"""),13.0) -> 13 | E22: =IFERROR(__xludf.DUMMYFUNCTION("""COMPUTED_VALUE"""),6.0) -> 6 | F22: =IFERROR(__xludf.DUMMYFUNCTION("""COMPUTED_VALUE"""),3.0) -> 3 | G22: =IFERROR(__xludf.DUMMYFUNCTION("""COMPUTED_VALUE"""),0.0) -> 0 | H22: =IFERROR(__xludf.DUMMYFUNCTION("""COMPUTED_VALUE"""),45.0) -> 45 | I22: =IF(H22 <> "", REPT("▮", ROUND((H22 / $H$2) * 30,0)) & REPT("▯", 30 - ROUND((H22 / $H$2) * 30,0)), "") -> ▮▮▮▮▮▮▮▮▯▯▯▯▯▯▯▯▯▯▯▯▯▯▯▯▯▯▯▯▯▯ | J22: =IFERROR(ROUND(H22/F22, 1), "") -> 15 | K22: =IFERROR(ROUND(MIN(99, 94 * (0.8*MIN(1, J22/J$2) + 0.2*H22/H$2)),0), "") -> 80 | L22: Hampus W | M22: =SUMIF(Spelarstatistik!A$2:A179, L22, Spelarstatistik!B$2:B179) -> 0 | N22: =SUMIF(Spelarstatistik!A$2:A179, L22, Spelarstatistik!C$2:C179) -> 0 | O22: =SUMIF(Spelarstatistik!A$2:A179, L22, Spelarstatistik!D$2:D179) -> 3 | P22: =SUMIF(Spelarstatistik!A$2:A179, L22, Spelarstatistik!E$2:E179) -> 1 | Q22: =COUNTIF(Spelarstatistik!A$2:A179, L22) -> 1 | R22: =SUMIF(Matcher!AC$5:AC179, L22, Matcher!AH$5:AH179) -> 0 | S22: =IF(L22 <> "", ROUND(M22 + N22 + 0.5 * O22 + 5 * Q22 + 0.5 * R22,0), "") -> 7
A23: =IFERROR(__xludf.DUMMYFUNCTION("""COMPUTED_VALUE"""),"Benjamin L") -> Benjamin L | B23: =IFERROR(__xludf.DUMMYFUNCTION("""COMPUTED_VALUE"""),1.0) -> 1 | C23: =IFERROR(__xludf.DUMMYFUNCTION("""COMPUTED_VALUE"""),4.0) -> 4 | D23: =IFERROR(__xludf.DUMMYFUNCTION("""COMPUTED_VALUE"""),16.0) -> 16 | E23: =IFERROR(__xludf.DUMMYFUNCTION("""COMPUTED_VALUE"""),14.0) -> 14 | F23: =IFERROR(__xludf.DUMMYFUNCTION("""COMPUTED_VALUE"""),6.0) -> 6 | G23: =IFERROR(__xludf.DUMMYFUNCTION("""COMPUTED_VALUE"""),0.0) -> 0 | H23: =IFERROR(__xludf.DUMMYFUNCTION("""COMPUTED_VALUE"""),43.0) -> 43 | I23: =IF(H23 <> "", REPT("▮", ROUND((H23 / $H$2) * 30,0)) & REPT("▯", 30 - ROUND((H23 / $H$2) * 30,0)), "") -> ▮▮▮▮▮▮▮▯▯▯▯▯▯▯▯▯▯▯▯▯▯▯▯▯▯▯▯▯▯▯ | J23: =IFERROR(ROUND(H23/F23, 1), "") -> 7.2 | K23: =IFERROR(ROUND(MIN(99, 94 * (0.8*MIN(1, J23/J$2) + 0.2*H23/H$2)),0), "") -> 51 | L23: Henrik O | M23: =SUMIF(Spelarstatistik!A$2:A179, L23, Spelarstatistik!B$2:B179) -> 9 | N23: =SUMIF(Spelarstatistik!A$2:A179, L23, Spelarstatistik!C$2:C179) -> 4 | O23: =SUMIF(Spelarstatistik!A$2:A179, L23, Spelarstatistik!D$2:D179) -> 19 | P23: =SUMIF(Spelarstatistik!A$2:A179, L23, Spelarstatistik!E$2:E179) -> 14 | Q23: =COUNTIF(Spelarstatistik!A$2:A179, L23) -> 5 | R23: =SUMIF(Matcher!AC$5:AC179, L23, Matcher!AH$5:AH179) -> 0 | S23: =IF(L23 <> "", ROUND(M23 + N23 + 0.5 * O23 + 5 * Q23 + 0.5 * R23,0), "") -> 48
A24: =IFERROR(__xludf.DUMMYFUNCTION("""COMPUTED_VALUE"""),"Albert A") -> Albert A | B24: =IFERROR(__xludf.DUMMYFUNCTION("""COMPUTED_VALUE"""),3.0) -> 3 | C24: =IFERROR(__xludf.DUMMYFUNCTION("""COMPUTED_VALUE"""),2.0) -> 2 | D24: =IFERROR(__xludf.DUMMYFUNCTION("""COMPUTED_VALUE"""),13.0) -> 13 | E24: =IFERROR(__xludf.DUMMYFUNCTION("""COMPUTED_VALUE"""),19.0) -> 19 | F24: =IFERROR(__xludf.DUMMYFUNCTION("""COMPUTED_VALUE"""),6.0) -> 6 | G24: =IFERROR(__xludf.DUMMYFUNCTION("""COMPUTED_VALUE"""),0.0) -> 0 | H24: =IFERROR(__xludf.DUMMYFUNCTION("""COMPUTED_VALUE"""),42.0) -> 42 | I24: =IF(H24 <> "", REPT("▮", ROUND((H24 / $H$2) * 30,0)) & REPT("▯", 30 - ROUND((H24 / $H$2) * 30,0)), "") -> ▮▮▮▮▮▮▮▯▯▯▯▯▯▯▯▯▯▯▯▯▯▯▯▯▯▯▯▯▯▯ | J24: =IFERROR(ROUND(H24/F24, 1), "") -> 7 | K24: =IFERROR(ROUND(MIN(99, 94 * (0.8*MIN(1, J24/J$2) + 0.2*H24/H$2)),0), "") -> 50 | L24: Immanuel A | M24: =SUMIF(Spelarstatistik!A$2:A179, L24, Spelarstatistik!B$2:B179) -> 1 | N24: =SUMIF(Spelarstatistik!A$2:A179, L24, Spelarstatistik!C$2:C179) -> 1 | O24: =SUMIF(Spelarstatistik!A$2:A179, L24, Spelarstatistik!D$2:D179) -> 0 | P24: =SUMIF(Spelarstatistik!A$2:A179, L24, Spelarstatistik!E$2:E179) -> 7 | Q24: =COUNTIF(Spelarstatistik!A$2:A179, L24) -> 1 | R24: =SUMIF(Matcher!AC$5:AC179, L24, Matcher!AH$5:AH179) -> 0 | S24: =IF(L24 <> "", ROUND(M24 + N24 + 0.5 * O24 + 5 * Q24 + 0.5 * R24,0), "") -> 7
A25: =IFERROR(__xludf.DUMMYFUNCTION("""COMPUTED_VALUE"""),"Pontus B") -> Pontus B | B25: =IFERROR(__xludf.DUMMYFUNCTION("""COMPUTED_VALUE"""),9.0) -> 9 | C25: =IFERROR(__xludf.DUMMYFUNCTION("""COMPUTED_VALUE"""),8.0) -> 8 | D25: =IFERROR(__xludf.DUMMYFUNCTION("""COMPUTED_VALUE"""),9.0) -> 9 | E25: =IFERROR(__xludf.DUMMYFUNCTION("""COMPUTED_VALUE"""),12.0) -> 12 | F25: =IFERROR(__xludf.DUMMYFUNCTION("""COMPUTED_VALUE"""),4.0) -> 4 | G25: =IFERROR(__xludf.DUMMYFUNCTION("""COMPUTED_VALUE"""),0.0) -> 0 | H25: =IFERROR(__xludf.DUMMYFUNCTION("""COMPUTED_VALUE"""),42.0) -> 42 | I25: =IF(H25 <> "", REPT("▮", ROUND((H25 / $H$2) * 30,0)) & REPT("▯", 30 - ROUND((H25 / $H$2) * 30,0)), "") -> ▮▮▮▮▮▮▮▯▯▯▯▯▯▯▯▯▯▯▯▯▯▯▯▯▯▯▯▯▯▯ | J25: =IFERROR(ROUND(H25/F25, 1), "") -> 10.5 | K25: =IFERROR(ROUND(MIN(99, 94 * (0.8*MIN(1, J25/J$2) + 0.2*H25/H$2)),0), "") -> 73 | L25: Isak L | M25: =SUMIF(Spelarstatistik!A$2:A179, L25, Spelarstatistik!B$2:B179) -> 13 | N25: =SUMIF(Spelarstatistik!A$2:A179, L25, Spelarstatistik!C$2:C179) -> 11 | O25: =SUMIF(Spelarstatistik!A$2:A179, L25, Spelarstatistik!D$2:D179) -> 17 | P25: =SUMIF(Spelarstatistik!A$2:A179, L25, Spelarstatistik!E$2:E179) -> 27 | Q25: =COUNTIF(Spelarstatistik!A$2:A179, L25) -> 7 | R25: =SUMIF(Matcher!AC$5:AC179, L25, Matcher!AH$5:AH179) -> 0 | S25: =IF(L25 <> "", ROUND(M25 + N25 + 0.5 * O25 + 5 * Q25 + 0.5 * R25,0), "") -> 68
A26: =IFERROR(__xludf.DUMMYFUNCTION("""COMPUTED_VALUE"""),"Shoresh A") -> Shoresh A | B26: =IFERROR(__xludf.DUMMYFUNCTION("""COMPUTED_VALUE"""),6.0) -> 6 | C26: =IFERROR(__xludf.DUMMYFUNCTION("""COMPUTED_VALUE"""),8.0) -> 8 | D26: =IFERROR(__xludf.DUMMYFUNCTION("""COMPUTED_VALUE"""),15.0) -> 15 | E26: =IFERROR(__xludf.DUMMYFUNCTION("""COMPUTED_VALUE"""),8.0) -> 8 | F26: =IFERROR(__xludf.DUMMYFUNCTION("""COMPUTED_VALUE"""),4.0) -> 4 | G26: =IFERROR(__xludf.DUMMYFUNCTION("""COMPUTED_VALUE"""),0.0) -> 0 | H26: =IFERROR(__xludf.DUMMYFUNCTION("""COMPUTED_VALUE"""),42.0) -> 42 | I26: =IF(H26 <> "", REPT("▮", ROUND((H26 / $H$2) * 30,0)) & REPT("▯", 30 - ROUND((H26 / $H$2) * 30,0)), "") -> ▮▮▮▮▮▮▮▯▯▯▯▯▯▯▯▯▯▯▯▯▯▯▯▯▯▯▯▯▯▯ | J26: =IFERROR(ROUND(H26/F26, 1), "") -> 10.5 | K26: =IFERROR(ROUND(MIN(99, 94 * (0.8*MIN(1, J26/J$2) + 0.2*H26/H$2)),0), "") -> 73 | L26: Ivan N | M26: =SUMIF(Spelarstatistik!A$2:A179, L26, Spelarstatistik!B$2:B179) -> 27 | N26: =SUMIF(Spelarstatistik!A$2:A179, L26, Spelarstatistik!C$2:C179) -> 24 | O26: =SUMIF(Spelarstatistik!A$2:A179, L26, Spelarstatistik!D$2:D179) -> 35 | P26: =SUMIF(Spelarstatistik!A$2:A179, L26, Spelarstatistik!E$2:E179) -> 39 | Q26: =COUNTIF(Spelarstatistik!A$2:A179, L26) -> 12 | R26: =SUMIF(Matcher!AC$5:AC179, L26, Matcher!AH$5:AH179) -> 0 | S26: =IF(L26 <> "", ROUND(M26 + N26 + 0.5 * O26 + 5 * Q26 + 0.5 * R26,0), "") -> 129
A27: =IFERROR(__xludf.DUMMYFUNCTION("""COMPUTED_VALUE"""),"Emil A") -> Emil A | B27: =IFERROR(__xludf.DUMMYFUNCTION("""COMPUTED_VALUE"""),3.0) -> 3 | C27: =IFERROR(__xludf.DUMMYFUNCTION("""COMPUTED_VALUE"""),6.0) -> 6 | D27: =IFERROR(__xludf.DUMMYFUNCTION("""COMPUTED_VALUE"""),14.0) -> 14 | E27: =IFERROR(__xludf.DUMMYFUNCTION("""COMPUTED_VALUE"""),17.0) -> 17 | F27: =IFERROR(__xludf.DUMMYFUNCTION("""COMPUTED_VALUE"""),5.0) -> 5 | G27: =IFERROR(__xludf.DUMMYFUNCTION("""COMPUTED_VALUE"""),0.0) -> 0 | H27: =IFERROR(__xludf.DUMMYFUNCTION("""COMPUTED_VALUE"""),41.0) -> 41 | I27: =IF(H27 <> "", REPT("▮", ROUND((H27 / $H$2) * 30,0)) & REPT("▯", 30 - ROUND((H27 / $H$2) * 30,0)), "") -> ▮▮▮▮▮▮▮▯▯▯▯▯▯▯▯▯▯▯▯▯▯▯▯▯▯▯▯▯▯▯ | J27: =IFERROR(ROUND(H27/F27, 1), "") -> 8.2 | K27: =IFERROR(ROUND(MIN(99, 94 * (0.8*MIN(1, J27/J$2) + 0.2*H27/H$2)),0), "") -> 58 | L27: Jakob S | M27: =SUMIF(Spelarstatistik!A$2:A179, L27, Spelarstatistik!B$2:B179) -> 36 | N27: =SUMIF(Spelarstatistik!A$2:A179, L27, Spelarstatistik!C$2:C179) -> 37 | O27: =SUMIF(Spelarstatistik!A$2:A179, L27, Spelarstatistik!D$2:D179) -> 52 | P27: =SUMIF(Spelarstatistik!A$2:A179, L27, Spelarstatistik!E$2:E179) -> 32 | Q27: =COUNTIF(Spelarstatistik!A$2:A179, L27) -> 15 | R27: =SUMIF(Matcher!AC$5:AC179, L27, Matcher!AH$5:AH179) -> 0 | S27: =IF(L27 <> "", ROUND(M27 + N27 + 0.5 * O27 + 5 * Q27 + 0.5 * R27,0), "") -> 174
A28: =IFERROR(__xludf.DUMMYFUNCTION("""COMPUTED_VALUE"""),"Joel C") -> Joel C | B28: =IFERROR(__xludf.DUMMYFUNCTION("""COMPUTED_VALUE"""),4.0) -> 4 | C28: =IFERROR(__xludf.DUMMYFUNCTION("""COMPUTED_VALUE"""),13.0) -> 13 | D28: =IFERROR(__xludf.DUMMYFUNCTION("""COMPUTED_VALUE"""),12.0) -> 12 | E28: =IFERROR(__xludf.DUMMYFUNCTION("""COMPUTED_VALUE"""),7.0) -> 7 | F28: =IFERROR(__xludf.DUMMYFUNCTION("""COMPUTED_VALUE"""),3.0) -> 3 | G28: =IFERROR(__xludf.DUMMYFUNCTION("""COMPUTED_VALUE"""),0.0) -> 0 | H28: =IFERROR(__xludf.DUMMYFUNCTION("""COMPUTED_VALUE"""),38.0) -> 38 | I28: =IF(H28 <> "", REPT("▮", ROUND((H28 / $H$2) * 30,0)) & REPT("▯", 30 - ROUND((H28 / $H$2) * 30,0)), "") -> ▮▮▮▮▮▮▮▯▯▯▯▯▯▯▯▯▯▯▯▯▯▯▯▯▯▯▯▯▯▯ | J28: =IFERROR(ROUND(H28/F28, 1), "") -> 12.7 | K28: =IFERROR(ROUND(MIN(99, 94 * (0.8*MIN(1, J28/J$2) + 0.2*H28/H$2)),0), "") -> 79 | L28: Jesper H | M28: =SUMIF(Spelarstatistik!A$2:A179, L28, Spelarstatistik!B$2:B179) -> 0 | N28: =SUMIF(Spelarstatistik!A$2:A179, L28, Spelarstatistik!C$2:C179) -> 0 | O28: =SUMIF(Spelarstatistik!A$2:A179, L28, Spelarstatistik!D$2:D179) -> 4 | P28: =SUMIF(Spelarstatistik!A$2:A179, L28, Spelarstatistik!E$2:E179) -> 14 | Q28: =COUNTIF(Spelarstatistik!A$2:A179, L28) -> 3 | R28: =SUMIF(Matcher!AC$5:AC179, L28, Matcher!AH$5:AH179) -> 0 | S28: =IF(L28 <> "", ROUND(M28 + N28 + 0.5 * O28 + 5 * Q28 + 0.5 * R28,0), "") -> 17
A29: =IFERROR(__xludf.DUMMYFUNCTION("""COMPUTED_VALUE"""),"George T") -> George T | B29: =IFERROR(__xludf.DUMMYFUNCTION("""COMPUTED_VALUE"""),4.0) -> 4 | C29: =IFERROR(__xludf.DUMMYFUNCTION("""COMPUTED_VALUE"""),7.0) -> 7 | D29: =IFERROR(__xludf.DUMMYFUNCTION("""COMPUTED_VALUE"""),12.0) -> 12 | E29: =IFERROR(__xludf.DUMMYFUNCTION("""COMPUTED_VALUE"""),14.0) -> 14 | F29: =IFERROR(__xludf.DUMMYFUNCTION("""COMPUTED_VALUE"""),4.0) -> 4 | G29: =IFERROR(__xludf.DUMMYFUNCTION("""COMPUTED_VALUE"""),0.0) -> 0 | H29: =IFERROR(__xludf.DUMMYFUNCTION("""COMPUTED_VALUE"""),37.0) -> 37 | I29: =IF(H29 <> "", REPT("▮", ROUND((H29 / $H$2) * 30,0)) & REPT("▯", 30 - ROUND((H29 / $H$2) * 30,0)), "") -> ▮▮▮▮▮▮▯▯▯▯▯▯▯▯▯▯▯▯▯▯▯▯▯▯▯▯▯▯▯▯ | J29: =IFERROR(ROUND(H29/F29, 1), "") -> 9.3 | K29: =IFERROR(ROUND(MIN(99, 94 * (0.8*MIN(1, J29/J$2) + 0.2*H29/H$2)),0), "") -> 64 | L29: Jesper N | M29: =SUMIF(Spelarstatistik!A$2:A179, L29, Spelarstatistik!B$2:B179) -> 0 | N29: =SUMIF(Spelarstatistik!A$2:A179, L29, Spelarstatistik!C$2:C179) -> 7 | O29: =SUMIF(Spelarstatistik!A$2:A179, L29, Spelarstatistik!D$2:D179) -> 21 | P29: =SUMIF(Spelarstatistik!A$2:A179, L29, Spelarstatistik!E$2:E179) -> 15 | Q29: =COUNTIF(Spelarstatistik!A$2:A179, L29) -> 7 | R29: =SUMIF(Matcher!AC$5:AC179, L29, Matcher!AH$5:AH179) -> 20 | S29: =IF(L29 <> "", ROUND(M29 + N29 + 0.5 * O29 + 5 * Q29 + 0.5 * R29,0), "") -> 63
A30: =IFERROR(__xludf.DUMMYFUNCTION("""COMPUTED_VALUE"""),"Ture H") -> Ture H | B30: =IFERROR(__xludf.DUMMYFUNCTION("""COMPUTED_VALUE"""),2.0) -> 2 | C30: =IFERROR(__xludf.DUMMYFUNCTION("""COMPUTED_VALUE"""),1.0) -> 1 | D30: =IFERROR(__xludf.DUMMYFUNCTION("""COMPUTED_VALUE"""),15.0) -> 15 | E30: =IFERROR(__xludf.DUMMYFUNCTION("""COMPUTED_VALUE"""),8.0) -> 8 | F30: =IFERROR(__xludf.DUMMYFUNCTION("""COMPUTED_VALUE"""),3.0) -> 3 | G30: =IFERROR(__xludf.DUMMYFUNCTION("""COMPUTED_VALUE"""),23.0) -> 23 | H30: =IFERROR(__xludf.DUMMYFUNCTION("""COMPUTED_VALUE"""),37.0) -> 37 | I30: =IF(H30 <> "", REPT("▮", ROUND((H30 / $H$2) * 30,0)) & REPT("▯", 30 - ROUND((H30 / $H$2) * 30,0)), "") -> ▮▮▮▮▮▮▯▯▯▯▯▯▯▯▯▯▯▯▯▯▯▯▯▯▯▯▯▯▯▯ | J30: =IFERROR(ROUND(H30/F30, 1), "") -> 12.3 | K30: =IFERROR(ROUND(MIN(99, 94 * (0.8*MIN(1, J30/J$2) + 0.2*H30/H$2)),0), "") -> 79 | L30: Joel A | M30: =SUMIF(Spelarstatistik!A$2:A179, L30, Spelarstatistik!B$2:B179) -> 8 | N30: =SUMIF(Spelarstatistik!A$2:A179, L30, Spelarstatistik!C$2:C179) -> 4 | O30: =SUMIF(Spelarstatistik!A$2:A179, L30, Spelarstatistik!D$2:D179) -> 15 | P30: =SUMIF(Spelarstatistik!A$2:A179, L30, Spelarstatistik!E$2:E179) -> 7 | Q30: =COUNTIF(Spelarstatistik!A$2:A179, L30) -> 3 | R30: =SUMIF(Matcher!AC$5:AC179, L30, Matcher!AH$5:AH179) -> 0 | S30: =IF(L30 <> "", ROUND(M30 + N30 + 0.5 * O30 + 5 * Q30 + 0.5 * R30,0), "") -> 35
A31: =IFERROR(__xludf.DUMMYFUNCTION("""COMPUTED_VALUE"""),"Joel A") -> Joel A | B31: =IFERROR(__xludf.DUMMYFUNCTION("""COMPUTED_VALUE"""),8.0) -> 8 | C31: =IFERROR(__xludf.DUMMYFUNCTION("""COMPUTED_VALUE"""),4.0) -> 4 | D31: =IFERROR(__xludf.DUMMYFUNCTION("""COMPUTED_VALUE"""),15.0) -> 15 | E31: =IFERROR(__xludf.DUMMYFUNCTION("""COMPUTED_VALUE"""),7.0) -> 7 | F31: =IFERROR(__xludf.DUMMYFUNCTION("""COMPUTED_VALUE"""),3.0) -> 3 | G31: =IFERROR(__xludf.DUMMYFUNCTION("""COMPUTED_VALUE"""),0.0) -> 0 | H31: =IFERROR(__xludf.DUMMYFUNCTION("""COMPUTED_VALUE"""),35.0) -> 35 | I31: =IF(H31 <> "", REPT("▮", ROUND((H31 / $H$2) * 30,0)) & REPT("▯", 30 - ROUND((H31 / $H$2) * 30,0)), "") -> ▮▮▮▮▮▮▯▯▯▯▯▯▯▯▯▯▯▯▯▯▯▯▯▯▯▯▯▯▯▯ | J31: =IFERROR(ROUND(H31/F31, 1), "") -> 11.7 | K31: =IFERROR(ROUND(MIN(99, 94 * (0.8*MIN(1, J31/J$2) + 0.2*H31/H$2)),0), "") -> 79 | L31: Joel C | M31: =SUMIF(Spelarstatistik!A$2:A179, L31, Spelarstatistik!B$2:B179) -> 4 | N31: =SUMIF(Spelarstatistik!A$2:A179, L31, Spelarstatistik!C$2:C179) -> 13 | O31: =SUMIF(Spelarstatistik!A$2:A179, L31, Spelarstatistik!D$2:D179) -> 12 | P31: =SUMIF(Spelarstatistik!A$2:A179, L31, Spelarstatistik!E$2:E179) -> 7 | Q31: =COUNTIF(Spelarstatistik!A$2:A179, L31) -> 3 | R31: =SUMIF(Matcher!AC$5:AC179, L31, Matcher!AH$5:AH179) -> 0 | S31: =IF(L31 <> "", ROUND(M31 + N31 + 0.5 * O31 + 5 * Q31 + 0.5 * R31,0), "") -> 38
A32: =IFERROR(__xludf.DUMMYFUNCTION("""COMPUTED_VALUE"""),"Leo F") -> Leo F | B32: =IFERROR(__xludf.DUMMYFUNCTION("""COMPUTED_VALUE"""),9.0) -> 9 | C32: =IFERROR(__xludf.DUMMYFUNCTION("""COMPUTED_VALUE"""),5.0) -> 5 | D32: =IFERROR(__xludf.DUMMYFUNCTION("""COMPUTED_VALUE"""),9.0) -> 9 | E32: =IFERROR(__xludf.DUMMYFUNCTION("""COMPUTED_VALUE"""),6.0) -> 6 | F32: =IFERROR(__xludf.DUMMYFUNCTION("""COMPUTED_VALUE"""),3.0) -> 3 | G32: =IFERROR(__xludf.DUMMYFUNCTION("""COMPUTED_VALUE"""),0.0) -> 0 | H32: =IFERROR(__xludf.DUMMYFUNCTION("""COMPUTED_VALUE"""),34.0) -> 34 | I32: =IF(H32 <> "", REPT("▮", ROUND((H32 / $H$2) * 30,0)) & REPT("▯", 30 - ROUND((H32 / $H$2) * 30,0)), "") -> ▮▮▮▮▮▮▯▯▯▯▯▯▯▯▯▯▯▯▯▯▯▯▯▯▯▯▯▯▯▯ | J32: =IFERROR(ROUND(H32/F32, 1), "") -> 11.3 | K32: =IFERROR(ROUND(MIN(99, 94 * (0.8*MIN(1, J32/J$2) + 0.2*H32/H$2)),0), "") -> 77 | L32: Jonathan X | M32: =SUMIF(Spelarstatistik!A$2:A179, L32, Spelarstatistik!B$2:B179) -> 0 | N32: =SUMIF(Spelarstatistik!A$2:A179, L32, Spelarstatistik!C$2:C179) -> 0 | O32: =SUMIF(Spelarstatistik!A$2:A179, L32, Spelarstatistik!D$2:D179) -> 3 | P32: =SUMIF(Spelarstatistik!A$2:A179, L32, Spelarstatistik!E$2:E179) -> 5 | Q32: =COUNTIF(Spelarstatistik!A$2:A179, L32) -> 1 | R32: =SUMIF(Matcher!AC$5:AC179, L32, Matcher!AH$5:AH179) -> 0 | S32: =IF(L32 <> "", ROUND(M32 + N32 + 0.5 * O32 + 5 * Q32 + 0.5 * R32,0), "") -> 7
A33: =IFERROR(__xludf.DUMMYFUNCTION("""COMPUTED_VALUE"""),"Pelle A") -> Pelle A | B33: =IFERROR(__xludf.DUMMYFUNCTION("""COMPUTED_VALUE"""),6.0) -> 6 | C33: =IFERROR(__xludf.DUMMYFUNCTION("""COMPUTED_VALUE"""),3.0) -> 3 | D33: =IFERROR(__xludf.DUMMYFUNCTION("""COMPUTED_VALUE"""),10.0) -> 10 | E33: =IFERROR(__xludf.DUMMYFUNCTION("""COMPUTED_VALUE"""),15.0) -> 15 | F33: =IFERROR(__xludf.DUMMYFUNCTION("""COMPUTED_VALUE"""),4.0) -> 4 | G33: =IFERROR(__xludf.DUMMYFUNCTION("""COMPUTED_VALUE"""),0.0) -> 0 | H33: =IFERROR(__xludf.DUMMYFUNCTION("""COMPUTED_VALUE"""),34.0) -> 34 | I33: =IF(H33 <> "", REPT("▮", ROUND((H33 / $H$2) * 30,0)) & REPT("▯", 30 - ROUND((H33 / $H$2) * 30,0)), "") -> ▮▮▮▮▮▮▯▯▯▯▯▯▯▯▯▯▯▯▯▯▯▯▯▯▯▯▯▯▯▯ | J33: =IFERROR(ROUND(H33/F33, 1), "") -> 8.5 | K33: =IFERROR(ROUND(MIN(99, 94 * (0.8*MIN(1, J33/J$2) + 0.2*H33/H$2)),0), "") -> 59 | L33: Karvan X | M33: =SUMIF(Spelarstatistik!A$2:A179, L33, Spelarstatistik!B$2:B179) -> 1 | N33: =SUMIF(Spelarstatistik!A$2:A179, L33, Spelarstatistik!C$2:C179) -> 0 | O33: =SUMIF(Spelarstatistik!A$2:A179, L33, Spelarstatistik!D$2:D179) -> 1 | P33: =SUMIF(Spelarstatistik!A$2:A179, L33, Spelarstatistik!E$2:E179) -> 1 | Q33: =COUNTIF(Spelarstatistik!A$2:A179, L33) -> 1 | R33: =SUMIF(Matcher!AC$5:AC179, L33, Matcher!AH$5:AH179) -> 0 | S33: =IF(L33 <> "", ROUND(M33 + N33 + 0.5 * O33 + 5 * Q33 + 0.5 * R33,0), "") -> 7
A34: =IFERROR(__xludf.DUMMYFUNCTION("""COMPUTED_VALUE"""),"Emil F") -> Emil F | B34: =IFERROR(__xludf.DUMMYFUNCTION("""COMPUTED_VALUE"""),9.0) -> 9 | C34: =IFERROR(__xludf.DUMMYFUNCTION("""COMPUTED_VALUE"""),3.0) -> 3 | D34: =IFERROR(__xludf.DUMMYFUNCTION("""COMPUTED_VALUE"""),8.0) -> 8 | E34: =IFERROR(__xludf.DUMMYFUNCTION("""COMPUTED_VALUE"""),6.0) -> 6 | F34: =IFERROR(__xludf.DUMMYFUNCTION("""COMPUTED_VALUE"""),2.0) -> 2 | G34: =IFERROR(__xludf.DUMMYFUNCTION("""COMPUTED_VALUE"""),0.0) -> 0 | H34: =IFERROR(__xludf.DUMMYFUNCTION("""COMPUTED_VALUE"""),26.0) -> 26 | I34: =IF(H34 <> "", REPT("▮", ROUND((H34 / $H$2) * 30,0)) & REPT("▯", 30 - ROUND((H34 / $H$2) * 30,0)), "") -> ▮▮▮▮▯▯▯▯▯▯▯▯▯▯▯▯▯▯▯▯▯▯▯▯▯▯▯▯▯▯ | J34: =IFERROR(ROUND(H34/F34, 1), "") -> 13 | K34: =IFERROR(ROUND(MIN(99, 94 * (0.8*MIN(1, J34/J$2) + 0.2*H34/H$2)),0), "") -> 78 | L34: Leo F | M34: =SUMIF(Spelarstatistik!A$2:A179, L34, Spelarstatistik!B$2:B179) -> 9 | N34: =SUMIF(Spelarstatistik!A$2:A179, L34, Spelarstatistik!C$2:C179) -> 5 | O34: =SUMIF(Spelarstatistik!A$2:A179, L34, Spelarstatistik!D$2:D179) -> 9 | P34: =SUMIF(Spelarstatistik!A$2:A179, L34, Spelarstatistik!E$2:E179) -> 6 | Q34: =COUNTIF(Spelarstatistik!A$2:A179, L34) -> 3 | R34: =SUMIF(Matcher!AC$5:AC179, L34, Matcher!AH$5:AH179) -> 0 | S34: =IF(L34 <> "", ROUND(M34 + N34 + 0.5 * O34 + 5 * Q34 + 0.5 * R34,0), "") -> 34
A35: =IFERROR(__xludf.DUMMYFUNCTION("""COMPUTED_VALUE"""),"Einar D") -> Einar D | B35: =IFERROR(__xludf.DUMMYFUNCTION("""COMPUTED_VALUE"""),0.0) -> 0 | C35: =IFERROR(__xludf.DUMMYFUNCTION("""COMPUTED_VALUE"""),0.0) -> 0 | D35: =IFERROR(__xludf.DUMMYFUNCTION("""COMPUTED_VALUE"""),6.0) -> 6 | E35: =IFERROR(__xludf.DUMMYFUNCTION("""COMPUTED_VALUE"""),9.0) -> 9 | F35: =IFERROR(__xludf.DUMMYFUNCTION("""COMPUTED_VALUE"""),2.0) -> 2 | G35: =IFERROR(__xludf.DUMMYFUNCTION("""COMPUTED_VALUE"""),9.0) -> 9 | H35: =IFERROR(__xludf.DUMMYFUNCTION("""COMPUTED_VALUE"""),18.0) -> 18 | I35: =IF(H35 <> "", REPT("▮", ROUND((H35 / $H$2) * 30,0)) & REPT("▯", 30 - ROUND((H35 / $H$2) * 30,0)), "") -> ▮▮▮▯▯▯▯▯▯▯▯▯▯▯▯▯▯▯▯▯▯▯▯▯▯▯▯▯▯▯ | J35: =IFERROR(ROUND(H35/F35, 1), "") -> 9 | K35: =IFERROR(ROUND(MIN(99, 94 * (0.8*MIN(1, J35/J$2) + 0.2*H35/H$2)),0), "") -> 60 | L35: Lucas S | M35: =SUMIF(Spelarstatistik!A$2:A179, L35, Spelarstatistik!B$2:B179) -> 5 | N35: =SUMIF(Spelarstatistik!A$2:A179, L35, Spelarstatistik!C$2:C179) -> 2 | O35: =SUMIF(Spelarstatistik!A$2:A179, L35, Spelarstatistik!D$2:D179) -> 7 | P35: =SUMIF(Spelarstatistik!A$2:A179, L35, Spelarstatistik!E$2:E179) -> 1 | Q35: =COUNTIF(Spelarstatistik!A$2:A179, L35) -> 1 | R35: =SUMIF(Matcher!AC$5:AC179, L35, Matcher!AH$5:AH179) -> 0 | S35: =IF(L35 <> "", ROUND(M35 + N35 + 0.5 * O35 + 5 * Q35 + 0.5 * R35,0), "") -> 16
A36: =IFERROR(__xludf.DUMMYFUNCTION("""COMPUTED_VALUE"""),"George") -> George | B36: =IFERROR(__xludf.DUMMYFUNCTION("""COMPUTED_VALUE"""),1.0) -> 1 | C36: =IFERROR(__xludf.DUMMYFUNCTION("""COMPUTED_VALUE"""),1.0) -> 1 | D36: =IFERROR(__xludf.DUMMYFUNCTION("""COMPUTED_VALUE"""),9.0) -> 9 | E36: =IFERROR(__xludf.DUMMYFUNCTION("""COMPUTED_VALUE"""),6.0) -> 6 | F36: =IFERROR(__xludf.DUMMYFUNCTION("""COMPUTED_VALUE"""),2.0) -> 2 | G36: =IFERROR(__xludf.DUMMYFUNCTION("""COMPUTED_VALUE"""),0.0) -> 0 | H36: =IFERROR(__xludf.DUMMYFUNCTION("""COMPUTED_VALUE"""),17.0) -> 17 | I36: =IF(H36 <> "", REPT("▮", ROUND((H36 / $H$2) * 30,0)) & REPT("▯", 30 - ROUND((H36 / $H$2) * 30,0)), "") -> ▮▮▮▯▯▯▯▯▯▯▯▯▯▯▯▯▯▯▯▯▯▯▯▯▯▯▯▯▯▯ | J36: =IFERROR(ROUND(H36/F36, 1), "") -> 8.5 | K36: =IFERROR(ROUND(MIN(99, 94 * (0.8*MIN(1, J36/J$2) + 0.2*H36/H$2)),0), "") -> 57 | L36: Magnus D | M36: =SUMIF(Spelarstatistik!A$2:A179, L36, Spelarstatistik!B$2:B179) -> 1 | N36: =SUMIF(Spelarstatistik!A$2:A179, L36, Spelarstatistik!C$2:C179) -> 3 | O36: =SUMIF(Spelarstatistik!A$2:A179, L36, Spelarstatistik!D$2:D179) -> 5 | P36: =SUMIF(Spelarstatistik!A$2:A179, L36, Spelarstatistik!E$2:E179) -> 1 | Q36: =COUNTIF(Spelarstatistik!A$2:A179, L36) -> 1 | R36: =SUMIF(Matcher!AC$5:AC179, L36, Matcher!AH$5:AH179) -> 0 | S36: =IF(L36 <> "", ROUND(M36 + N36 + 0.5 * O36 + 5 * Q36 + 0.5 * R36,0), "") -> 12
A37: =IFERROR(__xludf.DUMMYFUNCTION("""COMPUTED_VALUE"""),"Jesper H") -> Jesper H | B37: =IFERROR(__xludf.DUMMYFUNCTION("""COMPUTED_VALUE"""),0.0) -> 0 | C37: =IFERROR(__xludf.DUMMYFUNCTION("""COMPUTED_VALUE"""),0.0) -> 0 | D37: =IFERROR(__xludf.DUMMYFUNCTION("""COMPUTED_VALUE"""),4.0) -> 4 | E37: =IFERROR(__xludf.DUMMYFUNCTION("""COMPUTED_VALUE"""),14.0) -> 14 | F37: =IFERROR(__xludf.DUMMYFUNCTION("""COMPUTED_VALUE"""),3.0) -> 3 | G37: =IFERROR(__xludf.DUMMYFUNCTION("""COMPUTED_VALUE"""),0.0) -> 0 | H37: =IFERROR(__xludf.DUMMYFUNCTION("""COMPUTED_VALUE"""),17.0) -> 17 | I37: =IF(H37 <> "", REPT("▮", ROUND((H37 / $H$2) * 30,0)) & REPT("▯", 30 - ROUND((H37 / $H$2) * 30,0)), "") -> ▮▮▮▯▯▯▯▯▯▯▯▯▯▯▯▯▯▯▯▯▯▯▯▯▯▯▯▯▯▯ | J37: =IFERROR(ROUND(H37/F37, 1), "") -> 5.7 | K37: =IFERROR(ROUND(MIN(99, 94 * (0.8*MIN(1, J37/J$2) + 0.2*H37/H$2)),0), "") -> 39 | L37: Mattias R | M37: =SUMIF(Spelarstatistik!A$2:A179, L37, Spelarstatistik!B$2:B179) -> 0 | N37: =SUMIF(Spelarstatistik!A$2:A179, L37, Spelarstatistik!C$2:C179) -> 2 | O37: =SUMIF(Spelarstatistik!A$2:A179, L37, Spelarstatistik!D$2:D179) -> 1 | P37: =SUMIF(Spelarstatistik!A$2:A179, L37, Spelarstatistik!E$2:E179) -> 7 | Q37: =COUNTIF(Spelarstatistik!A$2:A179, L37) -> 1 | R37: =SUMIF(Matcher!AC$5:AC179, L37, Matcher!AH$5:AH179) -> 0 | S37: =IF(L37 <> "", ROUND(M37 + N37 + 0.5 * O37 + 5 * Q37 + 0.5 * R37,0), "") -> 8
A38: =IFERROR(__xludf.DUMMYFUNCTION("""COMPUTED_VALUE"""),"Lucas S") -> Lucas S | B38: =IFERROR(__xludf.DUMMYFUNCTION("""COMPUTED_VALUE"""),5.0) -> 5 | C38: =IFERROR(__xludf.DUMMYFUNCTION("""COMPUTED_VALUE"""),2.0) -> 2 | D38: =IFERROR(__xludf.DUMMYFUNCTION("""COMPUTED_VALUE"""),7.0) -> 7 | E38: =IFERROR(__xludf.DUMMYFUNCTION("""COMPUTED_VALUE"""),1.0) -> 1 | F38: =IFERROR(__xludf.DUMMYFUNCTION("""COMPUTED_VALUE"""),1.0) -> 1 | G38: =IFERROR(__xludf.DUMMYFUNCTION("""COMPUTED_VALUE"""),0.0) -> 0 | H38: =IFERROR(__xludf.DUMMYFUNCTION("""COMPUTED_VALUE"""),16.0) -> 16 | I38: =IF(H38 <> "", REPT("▮", ROUND((H38 / $H$2) * 30,0)) & REPT("▯", 30 - ROUND((H38 / $H$2) * 30,0)), "") -> ▮▮▮▯▯▯▯▯▯▯▯▯▯▯▯▯▯▯▯▯▯▯▯▯▯▯▯▯▯▯ | J38: =IFERROR(ROUND(H38/F38, 1), "") -> 16 | K38: =IFERROR(ROUND(MIN(99, 94 * (0.8*MIN(1, J38/J$2) + 0.2*H38/H$2)),0), "") -> 77 | L38: Mattias X | M38: =SUMIF(Spelarstatistik!A$2:A179, L38, Spelarstatistik!B$2:B179) -> 1 | N38: =SUMIF(Spelarstatistik!A$2:A179, L38, Spelarstatistik!C$2:C179) -> 0 | O38: =SUMIF(Spelarstatistik!A$2:A179, L38, Spelarstatistik!D$2:D179) -> 4 | P38: =SUMIF(Spelarstatistik!A$2:A179, L38, Spelarstatistik!E$2:E179) -> 3 | Q38: =COUNTIF(Spelarstatistik!A$2:A179, L38) -> 1 | R38: =SUMIF(Matcher!AC$5:AC179, L38, Matcher!AH$5:AH179) -> 0 | S38: =IF(L38 <> "", ROUND(M38 + N38 + 0.5 * O38 + 5 * Q38 + 0.5 * R38,0), "") -> 8
A39: =IFERROR(__xludf.DUMMYFUNCTION("""COMPUTED_VALUE"""),"Fredrik C") -> Fredrik C | B39: =IFERROR(__xludf.DUMMYFUNCTION("""COMPUTED_VALUE"""),3.0) -> 3 | C39: =IFERROR(__xludf.DUMMYFUNCTION("""COMPUTED_VALUE"""),4.0) -> 4 | D39: =IFERROR(__xludf.DUMMYFUNCTION("""COMPUTED_VALUE"""),6.0) -> 6 | E39: =IFERROR(__xludf.DUMMYFUNCTION("""COMPUTED_VALUE"""),0.0) -> 0 | F39: =IFERROR(__xludf.DUMMYFUNCTION("""COMPUTED_VALUE"""),1.0) -> 1 | G39: =IFERROR(__xludf.DUMMYFUNCTION("""COMPUTED_VALUE"""),0.0) -> 0 | H39: =IFERROR(__xludf.DUMMYFUNCTION("""COMPUTED_VALUE"""),15.0) -> 15 | I39: =IF(H39 <> "", REPT("▮", ROUND((H39 / $H$2) * 30,0)) & REPT("▯", 30 - ROUND((H39 / $H$2) * 30,0)), "") -> ▮▮▮▯▯▯▯▯▯▯▯▯▯▯▯▯▯▯▯▯▯▯▯▯▯▯▯▯▯▯ | J39: =IFERROR(ROUND(H39/F39, 1), "") -> 15 | K39: =IFERROR(ROUND(MIN(99, 94 * (0.8*MIN(1, J39/J$2) + 0.2*H39/H$2)),0), "") -> 77 | L39: Milos G | M39: =SUMIF(Spelarstatistik!A$2:A179, L39, Spelarstatistik!B$2:B179) -> 14 | N39: =SUMIF(Spelarstatistik!A$2:A179, L39, Spelarstatistik!C$2:C179) -> 9 | O39: =SUMIF(Spelarstatistik!A$2:A179, L39, Spelarstatistik!D$2:D179) -> 13 | P39: =SUMIF(Spelarstatistik!A$2:A179, L39, Spelarstatistik!E$2:E179) -> 6 | Q39: =COUNTIF(Spelarstatistik!A$2:A179, L39) -> 3 | R39: =SUMIF(Matcher!AC$5:AC179, L39, Matcher!AH$5:AH179) -> 0 | S39: =IF(L39 <> "", ROUND(M39 + N39 + 0.5 * O39 + 5 * Q39 + 0.5 * R39,0), "") -> 45
A40: =IFERROR(__xludf.DUMMYFUNCTION("""COMPUTED_VALUE"""),"Amiin M") -> Amiin M | B40: =IFERROR(__xludf.DUMMYFUNCTION("""COMPUTED_VALUE"""),3.0) -> 3 | C40: =IFERROR(__xludf.DUMMYFUNCTION("""COMPUTED_VALUE"""),3.0) -> 3 | D40: =IFERROR(__xludf.DUMMYFUNCTION("""COMPUTED_VALUE"""),4.0) -> 4 | E40: =IFERROR(__xludf.DUMMYFUNCTION("""COMPUTED_VALUE"""),5.0) -> 5 | F40: =IFERROR(__xludf.DUMMYFUNCTION("""COMPUTED_VALUE"""),1.0) -> 1 | G40: =IFERROR(__xludf.DUMMYFUNCTION("""COMPUTED_VALUE"""),0.0) -> 0 | H40: =IFERROR(__xludf.DUMMYFUNCTION("""COMPUTED_VALUE"""),13.0) -> 13 | I40: =IF(H40 <> "", REPT("▮", ROUND((H40 / $H$2) * 30,0)) & REPT("▯", 30 - ROUND((H40 / $H$2) * 30,0)), "") -> ▮▮▯▯▯▯▯▯▯▯▯▯▯▯▯▯▯▯▯▯▯▯▯▯▯▯▯▯▯▯ | J40: =IFERROR(ROUND(H40/F40, 1), "") -> 13 | K40: =IFERROR(ROUND(MIN(99, 94 * (0.8*MIN(1, J40/J$2) + 0.2*H40/H$2)),0), "") -> 77 | L40: Moaaz T | M40: =SUMIF(Spelarstatistik!A$2:A179, L40, Spelarstatistik!B$2:B179) -> 0 | N40: =SUMIF(Spelarstatistik!A$2:A179, L40, Spelarstatistik!C$2:C179) -> 1 | O40: =SUMIF(Spelarstatistik!A$2:A179, L40, Spelarstatistik!D$2:D179) -> 1 | P40: =SUMIF(Spelarstatistik!A$2:A179, L40, Spelarstatistik!E$2:E179) -> 4 | Q40: =COUNTIF(Spelarstatistik!A$2:A179, L40) -> 1 | R40: =SUMIF(Matcher!AC$5:AC179, L40, Matcher!AH$5:AH179) -> 0 | S40: =IF(L40 <> "", ROUND(M40 + N40 + 0.5 * O40 + 5 * Q40 + 0.5 * R40,0), "") -> 7
A41: =IFERROR(__xludf.DUMMYFUNCTION("""COMPUTED_VALUE"""),"Gustav X") -> Gustav X | B41: =IFERROR(__xludf.DUMMYFUNCTION("""COMPUTED_VALUE"""),5.0) -> 5 | C41: =IFERROR(__xludf.DUMMYFUNCTION("""COMPUTED_VALUE"""),0.0) -> 0 | D41: =IFERROR(__xludf.DUMMYFUNCTION("""COMPUTED_VALUE"""),4.0) -> 4 | E41: =IFERROR(__xludf.DUMMYFUNCTION("""COMPUTED_VALUE"""),2.0) -> 2 | F41: =IFERROR(__xludf.DUMMYFUNCTION("""COMPUTED_VALUE"""),1.0) -> 1 | G41: =IFERROR(__xludf.DUMMYFUNCTION("""COMPUTED_VALUE"""),0.0) -> 0 | H41: =IFERROR(__xludf.DUMMYFUNCTION("""COMPUTED_VALUE"""),12.0) -> 12 | I41: =IF(H41 <> "", REPT("▮", ROUND((H41 / $H$2) * 30,0)) & REPT("▯", 30 - ROUND((H41 / $H$2) * 30,0)), "") -> ▮▮▯▯▯▯▯▯▯▯▯▯▯▯▯▯▯▯▯▯▯▯▯▯▯▯▯▯▯▯ | J41: =IFERROR(ROUND(H41/F41, 1), "") -> 12 | K41: =IFERROR(ROUND(MIN(99, 94 * (0.8*MIN(1, J41/J$2) + 0.2*H41/H$2)),0), "") -> 76 | L41: Oliver G | M41: =SUMIF(Spelarstatistik!A$2:A179, L41, Spelarstatistik!B$2:B179) -> 28 | N41: =SUMIF(Spelarstatistik!A$2:A179, L41, Spelarstatistik!C$2:C179) -> 22 | O41: =SUMIF(Spelarstatistik!A$2:A179, L41, Spelarstatistik!D$2:D179) -> 48 | P41: =SUMIF(Spelarstatistik!A$2:A179, L41, Spelarstatistik!E$2:E179) -> 50 | Q41: =COUNTIF(Spelarstatistik!A$2:A179, L41) -> 17 | R41: =SUMIF(Matcher!AC$5:AC179, L41, Matcher!AH$5:AH179) -> 0 | S41: =IF(L41 <> "", ROUND(M41 + N41 + 0.5 * O41 + 5 * Q41 + 0.5 * R41,0), "") -> 159
A42: =IFERROR(__xludf.DUMMYFUNCTION("""COMPUTED_VALUE"""),"Magnus D") -> Magnus D | B42: =IFERROR(__xludf.DUMMYFUNCTION("""COMPUTED_VALUE"""),1.0) -> 1 | C42: =IFERROR(__xludf.DUMMYFUNCTION("""COMPUTED_VALUE"""),3.0) -> 3 | D42: =IFERROR(__xludf.DUMMYFUNCTION("""COMPUTED_VALUE"""),5.0) -> 5 | E42: =IFERROR(__xludf.DUMMYFUNCTION("""COMPUTED_VALUE"""),1.0) -> 1 | F42: =IFERROR(__xludf.DUMMYFUNCTION("""COMPUTED_VALUE"""),1.0) -> 1 | G42: =IFERROR(__xludf.DUMMYFUNCTION("""COMPUTED_VALUE"""),0.0) -> 0 | H42: =IFERROR(__xludf.DUMMYFUNCTION("""COMPUTED_VALUE"""),12.0) -> 12 | I42: =IF(H42 <> "", REPT("▮", ROUND((H42 / $H$2) * 30,0)) & REPT("▯", 30 - ROUND((H42 / $H$2) * 30,0)), "") -> ▮▮▯▯▯▯▯▯▯▯▯▯▯▯▯▯▯▯▯▯▯▯▯▯▯▯▯▯▯▯ | J42: =IFERROR(ROUND(H42/F42, 1), "") -> 12 | K42: =IFERROR(ROUND(MIN(99, 94 * (0.8*MIN(1, J42/J$2) + 0.2*H42/H$2)),0), "") -> 76 | L42: Oskar B | M42: =SUMIF(Spelarstatistik!A$2:A179, L42, Spelarstatistik!B$2:B179) -> 2 | N42: =SUMIF(Spelarstatistik!A$2:A179, L42, Spelarstatistik!C$2:C179) -> 2 | O42: =SUMIF(Spelarstatistik!A$2:A179, L42, Spelarstatistik!D$2:D179) -> 4 | P42: =SUMIF(Spelarstatistik!A$2:A179, L42, Spelarstatistik!E$2:E179) -> 5 | Q42: =COUNTIF(Spelarstatistik!A$2:A179, L42) -> 1 | R42: =SUMIF(Matcher!AC$5:AC179, L42, Matcher!AH$5:AH179) -> 0 | S42: =IF(L42 <> "", ROUND(M42 + N42 + 0.5 * O42 + 5 * Q42 + 0.5 * R42,0), "") -> 11
A43: =IFERROR(__xludf.DUMMYFUNCTION("""COMPUTED_VALUE"""),"Oskar B") -> Oskar B | B43: =IFERROR(__xludf.DUMMYFUNCTION("""COMPUTED_VALUE"""),2.0) -> 2 | C43: =IFERROR(__xludf.DUMMYFUNCTION("""COMPUTED_VALUE"""),2.0) -> 2 | D43: =IFERROR(__xludf.DUMMYFUNCTION("""COMPUTED_VALUE"""),4.0) -> 4 | E43: =IFERROR(__xludf.DUMMYFUNCTION("""COMPUTED_VALUE"""),5.0) -> 5 | F43: =IFERROR(__xludf.DUMMYFUNCTION("""COMPUTED_VALUE"""),1.0) -> 1 | G43: =IFERROR(__xludf.DUMMYFUNCTION("""COMPUTED_VALUE"""),0.0) -> 0 | H43: =IFERROR(__xludf.DUMMYFUNCTION("""COMPUTED_VALUE"""),11.0) -> 11 | I43: =IF(H43 <> "", REPT("▮", ROUND((H43 / $H$2) * 30,0)) & REPT("▯", 30 - ROUND((H43 / $H$2) * 30,0)), "") -> ▮▮▯▯▯▯▯▯▯▯▯▯▯▯▯▯▯▯▯▯▯▯▯▯▯▯▯▯▯▯ | J43: =IFERROR(ROUND(H43/F43, 1), "") -> 11 | K43: =IFERROR(ROUND(MIN(99, 94 * (0.8*MIN(1, J43/J$2) + 0.2*H43/H$2)),0), "") -> 72 | L43: Oskar R | M43: =SUMIF(Spelarstatistik!A$2:A179, L43, Spelarstatistik!B$2:B179) -> 16 | N43: =SUMIF(Spelarstatistik!A$2:A179, L43, Spelarstatistik!C$2:C179) -> 23 | O43: =SUMIF(Spelarstatistik!A$2:A179, L43, Spelarstatistik!D$2:D179) -> 48 | P43: =SUMIF(Spelarstatistik!A$2:A179, L43, Spelarstatistik!E$2:E179) -> 35 | Q43: =COUNTIF(Spelarstatistik!A$2:A179, L43) -> 14 | R43: =SUMIF(Matcher!AC$5:AC179, L43, Matcher!AH$5:AH179) -> 0 | S43: =IF(L43 <> "", ROUND(M43 + N43 + 0.5 * O43 + 5 * Q43 + 0.5 * R43,0), "") -> 133
A44: =IFERROR(__xludf.DUMMYFUNCTION("""COMPUTED_VALUE"""),"Georgios T") -> Georgios T | B44: =IFERROR(__xludf.DUMMYFUNCTION("""COMPUTED_VALUE"""),1.0) -> 1 | C44: =IFERROR(__xludf.DUMMYFUNCTION("""COMPUTED_VALUE"""),1.0) -> 1 | D44: =IFERROR(__xludf.DUMMYFUNCTION("""COMPUTED_VALUE"""),5.0) -> 5 | E44: =IFERROR(__xludf.DUMMYFUNCTION("""COMPUTED_VALUE"""),1.0) -> 1 | F44: =IFERROR(__xludf.DUMMYFUNCTION("""COMPUTED_VALUE"""),1.0) -> 1 | G44: =IFERROR(__xludf.DUMMYFUNCTION("""COMPUTED_VALUE"""),0.0) -> 0 | H44: =IFERROR(__xludf.DUMMYFUNCTION("""COMPUTED_VALUE"""),10.0) -> 10 | I44: =IF(H44 <> "", REPT("▮", ROUND((H44 / $H$2) * 30,0)) & REPT("▯", 30 - ROUND((H44 / $H$2) * 30,0)), "") -> ▮▮▯▯▯▯▯▯▯▯▯▯▯▯▯▯▯▯▯▯▯▯▯▯▯▯▯▯▯▯ | J44: =IFERROR(ROUND(H44/F44, 1), "") -> 10 | K44: =IFERROR(ROUND(MIN(99, 94 * (0.8*MIN(1, J44/J$2) + 0.2*H44/H$2)),0), "") -> 66 | L44: Pelle A | M44: =SUMIF(Spelarstatistik!A$2:A179, L44, Spelarstatistik!B$2:B179) -> 6 | N44: =SUMIF(Spelarstatistik!A$2:A179, L44, Spelarstatistik!C$2:C179) -> 3 | O44: =SUMIF(Spelarstatistik!A$2:A179, L44, Spelarstatistik!D$2:D179) -> 10 | P44: =SUMIF(Spelarstatistik!A$2:A179, L44, Spelarstatistik!E$2:E179) -> 15 | Q44: =COUNTIF(Spelarstatistik!A$2:A179, L44) -> 4 | R44: =SUMIF(Matcher!AC$5:AC179, L44, Matcher!AH$5:AH179) -> 0 | S44: =IF(L44 <> "", ROUND(M44 + N44 + 0.5 * O44 + 5 * Q44 + 0.5 * R44,0), "") -> 34
A45: =IFERROR(__xludf.DUMMYFUNCTION("""COMPUTED_VALUE"""),"Mattias R") -> Mattias R | B45: =IFERROR(__xludf.DUMMYFUNCTION("""COMPUTED_VALUE"""),0.0) -> 0 | C45: =IFERROR(__xludf.DUMMYFUNCTION("""COMPUTED_VALUE"""),2.0) -> 2 | D45: =IFERROR(__xludf.DUMMYFUNCTION("""COMPUTED_VALUE"""),1.0) -> 1 | E45: =IFERROR(__xludf.DUMMYFUNCTION("""COMPUTED_VALUE"""),7.0) -> 7 | F45: =IFERROR(__xludf.DUMMYFUNCTION("""COMPUTED_VALUE"""),1.0) -> 1 | G45: =IFERROR(__xludf.DUMMYFUNCTION("""COMPUTED_VALUE"""),0.0) -> 0 | H45: =IFERROR(__xludf.DUMMYFUNCTION("""COMPUTED_VALUE"""),8.0) -> 8 | I45: =IF(H45 <> "", REPT("▮", ROUND((H45 / $H$2) * 30,0)) & REPT("▯", 30 - ROUND((H45 / $H$2) * 30,0)), "") -> ▮▯▯▯▯▯▯▯▯▯▯▯▯▯▯▯▯▯▯▯▯▯▯▯▯▯▯▯▯▯ | J45: =IFERROR(ROUND(H45/F45, 1), "") -> 8 | K45: =IFERROR(ROUND(MIN(99, 94 * (0.8*MIN(1, J45/J$2) + 0.2*H45/H$2)),0), "") -> 53 | L45: Pontus B | M45: =SUMIF(Spelarstatistik!A$2:A179, L45, Spelarstatistik!B$2:B179) -> 9 | N45: =SUMIF(Spelarstatistik!A$2:A179, L45, Spelarstatistik!C$2:C179) -> 8 | O45: =SUMIF(Spelarstatistik!A$2:A179, L45, Spelarstatistik!D$2:D179) -> 9 | P45: =SUMIF(Spelarstatistik!A$2:A179, L45, Spelarstatistik!E$2:E179) -> 12 | Q45: =COUNTIF(Spelarstatistik!A$2:A179, L45) -> 4 | R45: =SUMIF(Matcher!AC$5:AC179, L45, Matcher!AH$5:AH179) -> 0 | S45: =IF(L45 <> "", ROUND(M45 + N45 + 0.5 * O45 + 5 * Q45 + 0.5 * R45,0), "") -> 42
A46: =IFERROR(__xludf.DUMMYFUNCTION("""COMPUTED_VALUE"""),"Mattias X") -> Mattias X | B46: =IFERROR(__xludf.DUMMYFUNCTION("""COMPUTED_VALUE"""),1.0) -> 1 | C46: =IFERROR(__xludf.DUMMYFUNCTION("""COMPUTED_VALUE"""),0.0) -> 0 | D46: =IFERROR(__xludf.DUMMYFUNCTION("""COMPUTED_VALUE"""),4.0) -> 4 | E46: =IFERROR(__xludf.DUMMYFUNCTION("""COMPUTED_VALUE"""),3.0) -> 3 | F46: =IFERROR(__xludf.DUMMYFUNCTION("""COMPUTED_VALUE"""),1.0) -> 1 | G46: =IFERROR(__xludf.DUMMYFUNCTION("""COMPUTED_VALUE"""),0.0) -> 0 | H46: =IFERROR(__xludf.DUMMYFUNCTION("""COMPUTED_VALUE"""),8.0) -> 8 | I46: =IF(H46 <> "", REPT("▮", ROUND((H46 / $H$2) * 30,0)) & REPT("▯", 30 - ROUND((H46 / $H$2) * 30,0)), "") -> ▮▯▯▯▯▯▯▯▯▯▯▯▯▯▯▯▯▯▯▯▯▯▯▯▯▯▯▯▯▯ | J46: =IFERROR(ROUND(H46/F46, 1), "") -> 8 | K46: =IFERROR(ROUND(MIN(99, 94 * (0.8*MIN(1, J46/J$2) + 0.2*H46/H$2)),0), "") -> 53 | L46: Pontus S | M46: =SUMIF(Spelarstatistik!A$2:A179, L46, Spelarstatistik!B$2:B179) -> 0 | N46: =SUMIF(Spelarstatistik!A$2:A179, L46, Spelarstatistik!C$2:C179) -> 21 | O46: =SUMIF(Spelarstatistik!A$2:A179, L46, Spelarstatistik!D$2:D179) -> 4 | P46: =SUMIF(Spelarstatistik!A$2:A179, L46, Spelarstatistik!E$2:E179) -> 1 | Q46: =COUNTIF(Spelarstatistik!A$2:A179, L46) -> 9 | R46: =SUMIF(Matcher!AC$5:AC179, L46, Matcher!AH$5:AH179) -> 6 | S46: =IF(L46 <> "", ROUND(M46 + N46 + 0.5 * O46 + 5 * Q46 + 0.5 * R46,0), "") -> 71
A47: =IFERROR(__xludf.DUMMYFUNCTION("""COMPUTED_VALUE"""),"Hampus W") -> Hampus W | B47: =IFERROR(__xludf.DUMMYFUNCTION("""COMPUTED_VALUE"""),0.0) -> 0 | C47: =IFERROR(__xludf.DUMMYFUNCTION("""COMPUTED_VALUE"""),0.0) -> 0 | D47: =IFERROR(__xludf.DUMMYFUNCTION("""COMPUTED_VALUE"""),3.0) -> 3 | E47: =IFERROR(__xludf.DUMMYFUNCTION("""COMPUTED_VALUE"""),1.0) -> 1 | F47: =IFERROR(__xludf.DUMMYFUNCTION("""COMPUTED_VALUE"""),1.0) -> 1 | G47: =IFERROR(__xludf.DUMMYFUNCTION("""COMPUTED_VALUE"""),0.0) -> 0 | H47: =IFERROR(__xludf.DUMMYFUNCTION("""COMPUTED_VALUE"""),7.0) -> 7 | I47: =IF(H47 <> "", REPT("▮", ROUND((H47 / $H$2) * 30,0)) & REPT("▯", 30 - ROUND((H47 / $H$2) * 30,0)), "") -> ▮▯▯▯▯▯▯▯▯▯▯▯▯▯▯▯▯▯▯▯▯▯▯▯▯▯▯▯▯▯ | J47: =IFERROR(ROUND(H47/F47, 1), "") -> 7 | K47: =IFERROR(ROUND(MIN(99, 94 * (0.8*MIN(1, J47/J$2) + 0.2*H47/H$2)),0), "") -> 46 | L47: Samuel P | M47: =SUMIF(Spelarstatistik!A$2:A179, L47, Spelarstatistik!B$2:B179) -> 11 | N47: =SUMIF(Spelarstatistik!A$2:A179, L47, Spelarstatistik!C$2:C179) -> 29 | O47: =SUMIF(Spelarstatistik!A$2:A179, L47, Spelarstatistik!D$2:D179) -> 28 | P47: =SUMIF(Spelarstatistik!A$2:A179, L47, Spelarstatistik!E$2:E179) -> 40 | Q47: =COUNTIF(Spelarstatistik!A$2:A179, L47) -> 10 | R47: =SUMIF(Matcher!AC$5:AC179, L47, Matcher!AH$5:AH179) -> 0 | S47: =IF(L47 <> "", ROUND(M47 + N47 + 0.5 * O47 + 5 * Q47 + 0.5 * R47,0), "") -> 104
A48: =IFERROR(__xludf.DUMMYFUNCTION("""COMPUTED_VALUE"""),"Immanuel A") -> Immanuel A | B48: =IFERROR(__xludf.DUMMYFUNCTION("""COMPUTED_VALUE"""),1.0) -> 1 | C48: =IFERROR(__xludf.DUMMYFUNCTION("""COMPUTED_VALUE"""),1.0) -> 1 | D48: =IFERROR(__xludf.DUMMYFUNCTION("""COMPUTED_VALUE"""),0.0) -> 0 | E48: =IFERROR(__xludf.DUMMYFUNCTION("""COMPUTED_VALUE"""),7.0) -> 7 | F48: =IFERROR(__xludf.DUMMYFUNCTION("""COMPUTED_VALUE"""),1.0) -> 1 | G48: =IFERROR(__xludf.DUMMYFUNCTION("""COMPUTED_VALUE"""),0.0) -> 0 | H48: =IFERROR(__xludf.DUMMYFUNCTION("""COMPUTED_VALUE"""),7.0) -> 7 | I48: =IF(H48 <> "", REPT("▮", ROUND((H48 / $H$2) * 30,0)) & REPT("▯", 30 - ROUND((H48 / $H$2) * 30,0)), "") -> ▮▯▯▯▯▯▯▯▯▯▯▯▯▯▯▯▯▯▯▯▯▯▯▯▯▯▯▯▯▯ | J48: =IFERROR(ROUND(H48/F48, 1), "") -> 7 | K48: =IFERROR(ROUND(MIN(99, 94 * (0.8*MIN(1, J48/J$2) + 0.2*H48/H$2)),0), "") -> 46 | L48: Sebastian E | M48: =SUMIF(Spelarstatistik!A$2:A179, L48, Spelarstatistik!B$2:B179) -> 10 | N48: =SUMIF(Spelarstatistik!A$2:A179, L48, Spelarstatistik!C$2:C179) -> 8 | O48: =SUMIF(Spelarstatistik!A$2:A179, L48, Spelarstatistik!D$2:D179) -> 18 | P48: =SUMIF(Spelarstatistik!A$2:A179, L48, Spelarstatistik!E$2:E179) -> 21 | Q48: =COUNTIF(Spelarstatistik!A$2:A179, L48) -> 7 | R48: =SUMIF(Matcher!AC$5:AC179, L48, Matcher!AH$5:AH179) -> 0 | S48: =IF(L48 <> "", ROUND(M48 + N48 + 0.5 * O48 + 5 * Q48 + 0.5 * R48,0), "") -> 62
A49: =IFERROR(__xludf.DUMMYFUNCTION("""COMPUTED_VALUE"""),"Jonathan X") -> Jonathan X | B49: =IFERROR(__xludf.DUMMYFUNCTION("""COMPUTED_VALUE"""),0.0) -> 0 | C49: =IFERROR(__xludf.DUMMYFUNCTION("""COMPUTED_VALUE"""),0.0) -> 0 | D49: =IFERROR(__xludf.DUMMYFUNCTION("""COMPUTED_VALUE"""),3.0) -> 3 | E49: =IFERROR(__xludf.DUMMYFUNCTION("""COMPUTED_VALUE"""),5.0) -> 5 | F49: =IFERROR(__xludf.DUMMYFUNCTION("""COMPUTED_VALUE"""),1.0) -> 1 | G49: =IFERROR(__xludf.DUMMYFUNCTION("""COMPUTED_VALUE"""),0.0) -> 0 | H49: =IFERROR(__xludf.DUMMYFUNCTION("""COMPUTED_VALUE"""),7.0) -> 7 | I49: =IF(H49 <> "", REPT("▮", ROUND((H49 / $H$2) * 30,0)) & REPT("▯", 30 - ROUND((H49 / $H$2) * 30,0)), "") -> ▮▯▯▯▯▯▯▯▯▯▯▯▯▯▯▯▯▯▯▯▯▯▯▯▯▯▯▯▯▯ | J49: =IFERROR(ROUND(H49/F49, 1), "") -> 7 | K49: =IFERROR(ROUND(MIN(99, 94 * (0.8*MIN(1, J49/J$2) + 0.2*H49/H$2)),0), "") -> 46 | L49: Shahir I | M49: =SUMIF(Spelarstatistik!A$2:A179, L49, Spelarstatistik!B$2:B179) -> 10 | N49: =SUMIF(Spelarstatistik!A$2:A179, L49, Spelarstatistik!C$2:C179) -> 11 | O49: =SUMIF(Spelarstatistik!A$2:A179, L49, Spelarstatistik!D$2:D179) -> 34 | P49: =SUMIF(Spelarstatistik!A$2:A179, L49, Spelarstatistik!E$2:E179) -> 23 | Q49: =COUNTIF(Spelarstatistik!A$2:A179, L49) -> 10 | R49: =SUMIF(Matcher!AC$5:AC179, L49, Matcher!AH$5:AH179) -> 0 | S49: =IF(L49 <> "", ROUND(M49 + N49 + 0.5 * O49 + 5 * Q49 + 0.5 * R49,0), "") -> 88
A50: =IFERROR(__xludf.DUMMYFUNCTION("""COMPUTED_VALUE"""),"Karvan X") -> Karvan X | B50: =IFERROR(__xludf.DUMMYFUNCTION("""COMPUTED_VALUE"""),1.0) -> 1 | C50: =IFERROR(__xludf.DUMMYFUNCTION("""COMPUTED_VALUE"""),0.0) -> 0 | D50: =IFERROR(__xludf.DUMMYFUNCTION("""COMPUTED_VALUE"""),1.0) -> 1 | E50: =IFERROR(__xludf.DUMMYFUNCTION("""COMPUTED_VALUE"""),1.0) -> 1 | F50: =IFERROR(__xludf.DUMMYFUNCTION("""COMPUTED_VALUE"""),1.0) -> 1 | G50: =IFERROR(__xludf.DUMMYFUNCTION("""COMPUTED_VALUE"""),0.0) -> 0 | H50: =IFERROR(__xludf.DUMMYFUNCTION("""COMPUTED_VALUE"""),7.0) -> 7 | I50: =IF(H50 <> "", REPT("▮", ROUND((H50 / $H$2) * 30,0)) & REPT("▯", 30 - ROUND((H50 / $H$2) * 30,0)), "") -> ▮▯▯▯▯▯▯▯▯▯▯▯▯▯▯▯▯▯▯▯▯▯▯▯▯▯▯▯▯▯ | J50: =IFERROR(ROUND(H50/F50, 1), "") -> 7 | K50: =IFERROR(ROUND(MIN(99, 94 * (0.8*MIN(1, J50/J$2) + 0.2*H50/H$2)),0), "") -> 46 | L50: Shoresh A | M50: =SUMIF(Spelarstatistik!A$2:A179, L50, Spelarstatistik!B$2:B179) -> 6 | N50: =SUMIF(Spelarstatistik!A$2:A179, L50, Spelarstatistik!C$2:C179) -> 8 | O50: =SUMIF(Spelarstatistik!A$2:A179, L50, Spelarstatistik!D$2:D179) -> 15 | P50: =SUMIF(Spelarstatistik!A$2:A179, L50, Spelarstatistik!E$2:E179) -> 8 | Q50: =COUNTIF(Spelarstatistik!A$2:A179, L50) -> 4 | R50: =SUMIF(Matcher!AC$5:AC179, L50, Matcher!AH$5:AH179) -> 0 | S50: =IF(L50 <> "", ROUND(M50 + N50 + 0.5 * O50 + 5 * Q50 + 0.5 * R50,0), "") -> 42
A51: =IFERROR(__xludf.DUMMYFUNCTION("""COMPUTED_VALUE"""),"Moaaz T") -> Moaaz T | B51: =IFERROR(__xludf.DUMMYFUNCTION("""COMPUTED_VALUE"""),0.0) -> 0 | C51: =IFERROR(__xludf.DUMMYFUNCTION("""COMPUTED_VALUE"""),1.0) -> 1 | D51: =IFERROR(__xludf.DUMMYFUNCTION("""COMPUTED_VALUE"""),1.0) -> 1 | E51: =IFERROR(__xludf.DUMMYFUNCTION("""COMPUTED_VALUE"""),4.0) -> 4 | F51: =IFERROR(__xludf.DUMMYFUNCTION("""COMPUTED_VALUE"""),1.0) -> 1 | G51: =IFERROR(__xludf.DUMMYFUNCTION("""COMPUTED_VALUE"""),0.0) -> 0 | H51: =IFERROR(__xludf.DUMMYFUNCTION("""COMPUTED_VALUE"""),7.0) -> 7 | I51: =IF(H51 <> "", REPT("▮", ROUND((H51 / $H$2) * 30,0)) & REPT("▯", 30 - ROUND((H51 / $H$2) * 30,0)), "") -> ▮▯▯▯▯▯▯▯▯▯▯▯▯▯▯▯▯▯▯▯▯▯▯▯▯▯▯▯▯▯ | J51: =IFERROR(ROUND(H51/F51, 1), "") -> 7 | K51: =IFERROR(ROUND(MIN(99, 94 * (0.8*MIN(1, J51/J$2) + 0.2*H51/H$2)),0), "") -> 46 | L51: Ture H | M51: =SUMIF(Spelarstatistik!A$2:A179, L51, Spelarstatistik!B$2:B179) -> 2 | N51: =SUMIF(Spelarstatistik!A$2:A179, L51, Spelarstatistik!C$2:C179) -> 1 | O51: =SUMIF(Spelarstatistik!A$2:A179, L51, Spelarstatistik!D$2:D179) -> 15 | P51: =SUMIF(Spelarstatistik!A$2:A179, L51, Spelarstatistik!E$2:E179) -> 8 | Q51: =COUNTIF(Spelarstatistik!A$2:A179, L51) -> 3 | R51: =SUMIF(Matcher!AC$5:AC179, L51, Matcher!AH$5:AH179) -> 23 | S51: =IF(L51 <> "", ROUND(M51 + N51 + 0.5 * O51 + 5 * Q51 + 0.5 * R51,0), "") -> 37
A52: =IFERROR(__xludf.DUMMYFUNCTION("""COMPUTED_VALUE"""),"Achillie X") -> Achillie X | B52: =IFERROR(__xludf.DUMMYFUNCTION("""COMPUTED_VALUE"""),0.0) -> 0 | C52: =IFERROR(__xludf.DUMMYFUNCTION("""COMPUTED_VALUE"""),0.0) -> 0 | D52: =IFERROR(__xludf.DUMMYFUNCTION("""COMPUTED_VALUE"""),1.0) -> 1 | E52: =IFERROR(__xludf.DUMMYFUNCTION("""COMPUTED_VALUE"""),3.0) -> 3 | F52: =IFERROR(__xludf.DUMMYFUNCTION("""COMPUTED_VALUE"""),1.0) -> 1 | G52: =IFERROR(__xludf.DUMMYFUNCTION("""COMPUTED_VALUE"""),0.0) -> 0 | H52: =IFERROR(__xludf.DUMMYFUNCTION("""COMPUTED_VALUE"""),6.0) -> 6 | I52: =IF(H52 <> "", REPT("▮", ROUND((H52 / $H$2) * 30,0)) & REPT("▯", 30 - ROUND((H52 / $H$2) * 30,0)), "") -> ▮▯▯▯▯▯▯▯▯▯▯▯▯▯▯▯▯▯▯▯▯▯▯▯▯▯▯▯▯▯ | J52: =IFERROR(ROUND(H52/F52, 1), "") -> 6 | K52: =IFERROR(ROUND(MIN(99, 94 * (0.8*MIN(1, J52/J$2) + 0.2*H52/H$2)),0), "") -> 40 | L52: William X | M52: =SUMIF(Spelarstatistik!A$2:A179, L52, Spelarstatistik!B$2:B179) -> 0 | N52: =SUMIF(Spelarstatistik!A$2:A179, L52, Spelarstatistik!C$2:C179) -> 0 | O52: =SUMIF(Spelarstatistik!A$2:A179, L52, Spelarstatistik!D$2:D179) -> 0 | P52: =SUMIF(Spelarstatistik!A$2:A179, L52, Spelarstatistik!E$2:E179) -> 7 | Q52: =COUNTIF(Spelarstatistik!A$2:A179, L52) -> 1 | R52: =SUMIF(Matcher!AC$5:AC179, L52, Matcher!AH$5:AH179) -> 0 | S52: =IF(L52 <> "", ROUND(M52 + N52 + 0.5 * O52 + 5 * Q52 + 0.5 * R52,0), "") -> 5
A53: =IFERROR(__xludf.DUMMYFUNCTION("""COMPUTED_VALUE"""),"William X") -> William X | B53: =IFERROR(__xludf.DUMMYFUNCTION("""COMPUTED_VALUE"""),0.0) -> 0 | C53: =IFERROR(__xludf.DUMMYFUNCTION("""COMPUTED_VALUE"""),0.0) -> 0 | D53: =IFERROR(__xludf.DUMMYFUNCTION("""COMPUTED_VALUE"""),0.0) -> 0 | E53: =IFERROR(__xludf.DUMMYFUNCTION("""COMPUTED_VALUE"""),7.0) -> 7 | F53: =IFERROR(__xludf.DUMMYFUNCTION("""COMPUTED_VALUE"""),1.0) -> 1 | G53: =IFERROR(__xludf.DUMMYFUNCTION("""COMPUTED_VALUE"""),0.0) -> 0 | H53: =IFERROR(__xludf.DUMMYFUNCTION("""COMPUTED_VALUE"""),5.0) -> 5 | I53: =IF(H53 <> "", REPT("▮", ROUND((H53 / $H$2) * 30,0)) & REPT("▯", 30 - ROUND((H53 / $H$2) * 30,0)), "") -> ▮▯▯▯▯▯▯▯▯▯▯▯▯▯▯▯▯▯▯▯▯▯▯▯▯▯▯▯▯▯ | J53: =IFERROR(ROUND(H53/F53, 1), "") -> 5 | K53: =IFERROR(ROUND(MIN(99, 94 * (0.8*MIN(1, J53/J$2) + 0.2*H53/H$2)),0), "") -> 33 | L53: Yvan I | M53: =SUMIF(Spelarstatistik!A$2:A179, L53, Spelarstatistik!B$2:B179) -> 16 | N53: =SUMIF(Spelarstatistik!A$2:A179, L53, Spelarstatistik!C$2:C179) -> 9 | O53: =SUMIF(Spelarstatistik!A$2:A179, L53, Spelarstatistik!D$2:D179) -> 13 | P53: =SUMIF(Spelarstatistik!A$2:A179, L53, Spelarstatistik!E$2:E179) -> 47 | Q53: =COUNTIF(Spelarstatistik!A$2:A179, L53) -> 12 | R53: =SUMIF(Matcher!AC$5:AC179, L53, Matcher!AH$5:AH179) -> 0 | S53: =IF(L53 <> "", ROUND(M53 + N53 + 0.5 * O53 + 5 * Q53 + 0.5 * R53,0), "") -> 92
I54: =IF(H54 <> "", REPT("▮", ROUND((H54 / $H$2) * 30,0)) & REPT("▯", 30 - ROUND((H54 / $H$2) * 30,0)), "") | J54: =IFERROR(ROUND(H54/F54, 1), "") | K54: =IFERROR(ROUND(MIN(99, 94 * (0.8*MIN(1, J54/J$2) + 0.2*H54/H$2)),0), "") -> 0 | M54: =SUMIF(Spelarstatistik!A$2:A179, L54, Spelarstatistik!B$2:B179) -> 0 | N54: =SUMIF(Spelarstatistik!A$2:A179, L54, Spelarstatistik!C$2:C179) -> 0 | O54: =SUMIF(Spelarstatistik!A$2:A179, L54, Spelarstatistik!D$2:D179) -> 0 | P54: =SUMIF(Spelarstatistik!A$2:A179, L54, Spelarstatistik!E$2:E179) -> 0 | Q54: =COUNTIF(Spelarstatistik!A$2:A179, L54) -> 0 | R54: =SUMIF(Matcher!AC$5:AC179, L54, Matcher!AH$5:AH179) -> 0 | S54: =IF(L54 <> "", ROUND(M54 + N54 + 0.5 * O54 + 5 * Q54 + 0.5 * R54,0), "")
I55: =IF(H55 <> "", REPT("▮", ROUND((H55 / $H$2) * 30,0)) & REPT("▯", 30 - ROUND((H55 / $H$2) * 30,0)), "") | M55: =SUMIF(Spelarstatistik!A$2:A179, L55, Spelarstatistik!B$2:B179) -> 0 | N55: =SUMIF(Spelarstatistik!A$2:A179, L55, Spelarstatistik!C$2:C179) -> 0 | O55: =SUMIF(Spelarstatistik!A$2:A179, L55, Spelarstatistik!D$2:D179) -> 0 | P55: =SUMIF(Spelarstatistik!A$2:A179, L55, Spelarstatistik!E$2:E179) -> 0 | Q55: =COUNTIF(Spelarstatistik!A$2:A179, L55) -> 0 | R55: =SUMIF(Matcher!AC$5:AC179, L55, Matcher!AH$5:AH179) -> 0 | S55: =IF(L55 <> "", ROUND(M55 + N55 + 0.5 * O55 + 5 * Q55 + 0.5 * R55,0), "")
I56: =IF(H56 <> "", REPT("▮", ROUND((H56 / $H$2) * 30,0)) & REPT("▯", 30 - ROUND((H56 / $H$2) * 30,0)), "") | M56: =SUMIF(Spelarstatistik!A$2:A179, L56, Spelarstatistik!B$2:B179) -> 0 | N56: =SUMIF(Spelarstatistik!A$2:A179, L56, Spelarstatistik!C$2:C179) -> 0 | O56: =SUMIF(Spelarstatistik!A$2:A179, L56, Spelarstatistik!D$2:D179) -> 0 | P56: =SUMIF(Spelarstatistik!A$2:A179, L56, Spelarstatistik!E$2:E179) -> 0 | Q56: =COUNTIF(Spelarstatistik!A$2:A179, L56) -> 0 | R56: =SUMIF(Matcher!AC$5:AC179, L56, Matcher!AH$5:AH179) -> 0 | S56: =IF(L56 <> "", ROUND(M56 + N56 + 0.5 * O56 + 5 * Q56 + 0.5 * R56,0), "")
I57: =IF(H57 <> "", REPT("▮", ROUND((H57 / $H$2) * 30,0)) & REPT("▯", 30 - ROUND((H57 / $H$2) * 30,0)), "") | M57: =SUMIF(Spelarstatistik!A$2:A179, L57, Spelarstatistik!B$2:B179) -> 0 | N57: =SUMIF(Spelarstatistik!A$2:A179, L57, Spelarstatistik!C$2:C179) -> 0 | O57: =SUMIF(Spelarstatistik!A$2:A179, L57, Spelarstatistik!D$2:D179) -> 0 | P57: =SUMIF(Spelarstatistik!A$2:A179, L57, Spelarstatistik!E$2:E179) -> 0 | Q57: =COUNTIF(Spelarstatistik!A$2:A179, L57) -> 0 | R57: =SUMIF(Matcher!AC$5:AC179, L57, Matcher!AH$5:AH179) -> 0 | S57: =IF(L57 <> "", ROUND(M57 + N57 + 0.5 * O57 + 5 * Q57 + 0.5 * R57,0), "")
M58: =SUMIF(Spelarstatistik!A$2:A179, L58, Spelarstatistik!B$2:B179) -> 0 | N58: =SUMIF(Spelarstatistik!A$2:A179, L58, Spelarstatistik!C$2:C179) -> 0 | O58: =SUMIF(Spelarstatistik!A$2:A179, L58, Spelarstatistik!D$2:D179) -> 0 | P58: =SUMIF(Spelarstatistik!A$2:A179, L58, Spelarstatistik!E$2:E179) -> 0 | Q58: =COUNTIF(Spelarstatistik!A$2:A179, L58) -> 0 | R58: =SUMIF(Matcher!AC$5:AC179, L58, Matcher!AH$5:AH179) -> 0 | S58: =IF(L58 <> "", ROUND(M58 + N58 + 0.5 * O58 + 5 * Q58 + 0.5 * R58,0), "")
M59: =SUMIF(Spelarstatistik!A$2:A179, L59, Spelarstatistik!B$2:B179) -> 0 | N59: =SUMIF(Spelarstatistik!A$2:A179, L59, Spelarstatistik!C$2:C179) -> 0 | O59: =SUMIF(Spelarstatistik!A$2:A179, L59, Spelarstatistik!D$2:D179) -> 0 | P59: =SUMIF(Spelarstatistik!A$2:A179, L59, Spelarstatistik!E$2:E179) -> 0 | Q59: =COUNTIF(Spelarstatistik!A$2:A179, L59) -> 0 | R59: =SUMIF(Matcher!AC$5:AC179, L59, Matcher!AH$5:AH179) -> 0 | S59: =IF(L59 <> "", ROUND(M59 + N59 + 0.5 * O59 + 5 * Q59 + 0.5 * R59,0), "")
M60: =SUMIF(Spelarstatistik!A$2:A179, L60, Spelarstatistik!B$2:B179) -> 0 | N60: =SUMIF(Spelarstatistik!A$2:A179, L60, Spelarstatistik!C$2:C179) -> 0 | O60: =SUMIF(Spelarstatistik!A$2:A179, L60, Spelarstatistik!D$2:D179) -> 0 | P60: =SUMIF(Spelarstatistik!A$2:A179, L60, Spelarstatistik!E$2:E179) -> 0 | Q60: =COUNTIF(Spelarstatistik!A$2:A179, L60) -> 0 | R60: =SUMIF(Matcher!AC$5:AC179, L60, Matcher!AH$5:AH179) -> 0 | S60: =IF(L60 <> "", ROUND(M60 + N60 + 0.5 * O60 + 5 * Q60 + 0.5 * R60,0), "")
M61: =SUMIF(Spelarstatistik!A$2:A179, L61, Spelarstatistik!B$2:B179) -> 0 | N61: =SUMIF(Spelarstatistik!A$2:A179, L61, Spelarstatistik!C$2:C179) -> 0 | O61: =SUMIF(Spelarstatistik!A$2:A179, L61, Spelarstatistik!D$2:D179) -> 0 | P61: =SUMIF(Spelarstatistik!A$2:A179, L61, Spelarstatistik!E$2:E179) -> 0 | Q61: =COUNTIF(Spelarstatistik!A$2:A179, L61) -> 0 | R61: =SUMIF(Matcher!AC$5:AC179, L61, Matcher!AH$5:AH179) -> 0 | S61: =IF(L61 <> "", ROUND(M61 + N61 + 0.5 * O61 + 5 * Q61 + 0.5 * R61,0), "")
M62: =SUMIF(Spelarstatistik!A$2:A179, L62, Spelarstatistik!B$2:B179) -> 0 | N62: =SUMIF(Spelarstatistik!A$2:A179, L62, Spelarstatistik!C$2:C179) -> 0 | O62: =SUMIF(Spelarstatistik!A$2:A179, L62, Spelarstatistik!D$2:D179) -> 0 | P62: =SUMIF(Spelarstatistik!A$2:A179, L62, Spelarstatistik!E$2:E179) -> 0 | Q62: =COUNTIF(Spelarstatistik!A$2:A179, L62) -> 0 | R62: =SUMIF(Matcher!AC$5:AC179, L62, Matcher!AH$5:AH179) -> 0 | S62: =IF(L62 <> "", ROUND(M62 + N62 + 0.5 * O62 + 5 * Q62 + 0.5 * R62,0), "")
M63: =SUMIF(Spelarstatistik!A$2:A179, L63, Spelarstatistik!B$2:B179) -> 0 | N63: =SUMIF(Spelarstatistik!A$2:A179, L63, Spelarstatistik!C$2:C179) -> 0 | O63: =SUMIF(Spelarstatistik!A$2:A179, L63, Spelarstatistik!D$2:D179) -> 0 | P63: =SUMIF(Spelarstatistik!A$2:A179, L63, Spelarstatistik!E$2:E179) -> 0 | Q63: =COUNTIF(Spelarstatistik!A$2:A179, L63) -> 0 | R63: =SUMIF(Matcher!AC$5:AC179, L63, Matcher!AH$5:AH179) -> 0 | S63: =IF(L63 <> "", ROUND(M63 + N63 + 0.5 * O63 + 5 * Q63 + 0.5 * R63,0), "")
M64: =SUMIF(Spelarstatistik!A$2:A179, L64, Spelarstatistik!B$2:B179) -> 0 | N64: =SUMIF(Spelarstatistik!A$2:A179, L64, Spelarstatistik!C$2:C179) -> 0 | O64: =SUMIF(Spelarstatistik!A$2:A179, L64, Spelarstatistik!D$2:D179) -> 0 | P64: =SUMIF(Spelarstatistik!A$2:A179, L64, Spelarstatistik!E$2:E179) -> 0 | Q64: =COUNTIF(Spelarstatistik!A$2:A179, L64) -> 0 | R64: =SUMIF(Matcher!AC$5:AC179, L64, Matcher!AH$5:AH179) -> 0 | S64: =IF(L64 <> "", ROUND(M64 + N64 + 0.5 * O64 + 5 * Q64 + 0.5 * R64,0), "")
M65: =SUMIF(Spelarstatistik!A$2:A179, L65, Spelarstatistik!B$2:B179) -> 0 | N65: =SUMIF(Spelarstatistik!A$2:A179, L65, Spelarstatistik!C$2:C179) -> 0 | O65: =SUMIF(Spelarstatistik!A$2:A179, L65, Spelarstatistik!D$2:D179) -> 0 | P65: =SUMIF(Spelarstatistik!A$2:A179, L65, Spelarstatistik!E$2:E179) -> 0 | Q65: =COUNTIF(Spelarstatistik!A$2:A179, L65) -> 0 | R65: =SUMIF(Matcher!AC$5:AC179, L65, Matcher!AH$5:AH179) -> 0 | S65: =IF(L65 <> "", ROUND(M65 + N65 + 0.5 * O65 + 5 * Q65 + 0.5 * R65,0), "")
M66: =SUMIF(Spelarstatistik!A$2:A179, L66, Spelarstatistik!B$2:B179) -> 0 | N66: =SUMIF(Spelarstatistik!A$2:A179, L66, Spelarstatistik!C$2:C179) -> 0 | O66: =SUMIF(Spelarstatistik!A$2:A179, L66, Spelarstatistik!D$2:D179) -> 0 | P66: =SUMIF(Spelarstatistik!A$2:A179, L66, Spelarstatistik!E$2:E179) -> 0 | Q66: =COUNTIF(Spelarstatistik!A$2:A179, L66) -> 0 | R66: =SUMIF(Matcher!AC$5:AC179, L66, Matcher!AH$5:AH179) -> 0 | S66: =IF(L66 <> "", ROUND(M66 + N66 + 0.5 * O66 + 5 * Q66 + 0.5 * R66,0), "")
M67: =SUMIF(Spelarstatistik!A$2:A179, L67, Spelarstatistik!B$2:B179) -> 0 | N67: =SUMIF(Spelarstatistik!A$2:A179, L67, Spelarstatistik!C$2:C179) -> 0 | O67: =SUMIF(Spelarstatistik!A$2:A179, L67, Spelarstatistik!D$2:D179) -> 0 | P67: =SUMIF(Spelarstatistik!A$2:A179, L67, Spelarstatistik!E$2:E179) -> 0 | Q67: =COUNTIF(Spelarstatistik!A$2:A179, L67) -> 0 | R67: =SUMIF(Matcher!AC$5:AC179, L67, Matcher!AH$5:AH179) -> 0 | S67: =IF(L67 <> "", ROUND(M67 + N67 + 0.5 * O67 + 5 * Q67 + 0.5 * R67,0), "")
M68: =SUMIF(Spelarstatistik!A$2:A179, L68, Spelarstatistik!B$2:B179) -> 0 | N68: =SUMIF(Spelarstatistik!A$2:A179, L68, Spelarstatistik!C$2:C179) -> 0 | O68: =SUMIF(Spelarstatistik!A$2:A179, L68, Spelarstatistik!D$2:D179) -> 0 | P68: =SUMIF(Spelarstatistik!A$2:A179, L68, Spelarstatistik!E$2:E179) -> 0 | Q68: =COUNTIF(Spelarstatistik!A$2:A179, L68) -> 0 | R68: =SUMIF(Matcher!AC$5:AC179, L68, Matcher!AH$5:AH179) -> 0 | S68: =IF(L68 <> "", ROUND(M68 + N68 + 0.5 * O68 + 5 * Q68 + 0.5 * R68,0), "")
M69: =SUMIF(Spelarstatistik!A$2:A179, L69, Spelarstatistik!B$2:B179) -> 0 | N69: =SUMIF(Spelarstatistik!A$2:A179, L69, Spelarstatistik!C$2:C179) -> 0 | O69: =SUMIF(Spelarstatistik!A$2:A179, L69, Spelarstatistik!D$2:D179) -> 0 | P69: =SUMIF(Spelarstatistik!A$2:A179, L69, Spelarstatistik!E$2:E179) -> 0 | Q69: =COUNTIF(Spelarstatistik!A$2:A179, L69) -> 0 | R69: =SUMIF(Matcher!AC$5:AC179, L69, Matcher!AH$5:AH179) -> 0 | S69: =IF(L69 <> "", ROUND(M69 + N69 + 0.5 * O69 + 5 * Q69 + 0.5 * R69,0), "")
M70: =SUMIF(Spelarstatistik!A$2:A179, L70, Spelarstatistik!B$2:B179) -> 0 | N70: =SUMIF(Spelarstatistik!A$2:A179, L70, Spelarstatistik!C$2:C179) -> 0 | O70: =SUMIF(Spelarstatistik!A$2:A179, L70, Spelarstatistik!D$2:D179) -> 0 | P70: =SUMIF(Spelarstatistik!A$2:A179, L70, Spelarstatistik!E$2:E179) -> 0 | Q70: =COUNTIF(Spelarstatistik!A$2:A179, L70) -> 0 | R70: =SUMIF(Matcher!AC$5:AC179, L70, Matcher!AH$5:AH179) -> 0 | S70: =IF(L70 <> "", ROUND(M70 + N70 + 0.5 * O70 + 5 * Q70 + 0.5 * R70,0), "")
M71: =SUMIF(Spelarstatistik!A$2:A179, L71, Spelarstatistik!B$2:B179) -> 0 | N71: =SUMIF(Spelarstatistik!A$2:A179, L71, Spelarstatistik!C$2:C179) -> 0 | O71: =SUMIF(Spelarstatistik!A$2:A179, L71, Spelarstatistik!D$2:D179) -> 0 | P71: =SUMIF(Spelarstatistik!A$2:A179, L71, Spelarstatistik!E$2:E179) -> 0 | Q71: =COUNTIF(Spelarstatistik!A$2:A179, L71) -> 0 | R71: =SUMIF(Matcher!AC$5:AC179, L71, Matcher!AH$5:AH179) -> 0 | S71: =IF(L71 <> "", ROUND(M71 + N71 + 0.5 * O71 + 5 * Q71 + 0.5 * R71,0), "")
M72: =SUMIF(Spelarstatistik!A$2:A179, L72, Spelarstatistik!B$2:B179) -> 0 | N72: =SUMIF(Spelarstatistik!A$2:A179, L72, Spelarstatistik!C$2:C179) -> 0 | O72: =SUMIF(Spelarstatistik!A$2:A179, L72, Spelarstatistik!D$2:D179) -> 0 | P72: =SUMIF(Spelarstatistik!A$2:A179, L72, Spelarstatistik!E$2:E179) -> 0 | Q72: =COUNTIF(Spelarstatistik!A$2:A179, L72) -> 0 | R72: =SUMIF(Matcher!AC$5:AC179, L72, Matcher!AH$5:AH179) -> 0 | S72: =IF(L72 <> "", ROUND(M72 + N72 + 0.5 * O72 + 5 * Q72 + 0.5 * R72,0), "")
M73: =SUMIF(Spelarstatistik!A$2:A179, L73, Spelarstatistik!B$2:B179) -> 0 | N73: =SUMIF(Spelarstatistik!A$2:A179, L73, Spelarstatistik!C$2:C179) -> 0 | O73: =SUMIF(Spelarstatistik!A$2:A179, L73, Spelarstatistik!D$2:D179) -> 0 | P73: =SUMIF(Spelarstatistik!A$2:A179, L73, Spelarstatistik!E$2:E179) -> 0 | Q73: =COUNTIF(Spelarstatistik!A$2:A179, L73) -> 0 | R73: =SUMIF(Matcher!AC$5:AC179, L73, Matcher!AH$5:AH179) -> 0 | S73: =IF(L73 <> "", ROUND(M73 + N73 + 0.5 * O73 + 5 * Q73 + 0.5 * R73,0), "")
M74: =SUMIF(Spelarstatistik!A$2:A179, L74, Spelarstatistik!B$2:B179) -> 0 | N74: =SUMIF(Spelarstatistik!A$2:A179, L74, Spelarstatistik!C$2:C179) -> 0 | O74: =SUMIF(Spelarstatistik!A$2:A179, L74, Spelarstatistik!D$2:D179) -> 0 | P74: =SUMIF(Spelarstatistik!A$2:A179, L74, Spelarstatistik!E$2:E179) -> 0 | Q74: =COUNTIF(Spelarstatistik!A$2:A179, L74) -> 0 | R74: =SUMIF(Matcher!AC$5:AC179, L74, Matcher!AH$5:AH179) -> 0 | S74: =IF(L74 <> "", ROUND(M74 + N74 + 0.5 * O74 + 5 * Q74 + 0.5 * R74,0), "")
M75: =SUMIF(Spelarstatistik!A$2:A179, L75, Spelarstatistik!B$2:B179) -> 0 | N75: =SUMIF(Spelarstatistik!A$2:A179, L75, Spelarstatistik!C$2:C179) -> 0 | O75: =SUMIF(Spelarstatistik!A$2:A179, L75, Spelarstatistik!D$2:D179) -> 0 | P75: =SUMIF(Spelarstatistik!A$2:A179, L75, Spelarstatistik!E$2:E179) -> 0 | Q75: =COUNTIF(Spelarstatistik!A$2:A179, L75) -> 0 | R75: =SUMIF(Matcher!AC$5:AC179, L75, Matcher!AH$5:AH179) -> 0 | S75: =IF(L75 <> "", ROUND(M75 + N75 + 0.5 * O75 + 5 * Q75 + 0.5 * R75,0), "")
M76: =SUMIF(Spelarstatistik!A$2:A179, L76, Spelarstatistik!B$2:B179) -> 0 | N76: =SUMIF(Spelarstatistik!A$2:A179, L76, Spelarstatistik!C$2:C179) -> 0 | O76: =SUMIF(Spelarstatistik!A$2:A179, L76, Spelarstatistik!D$2:D179) -> 0 | P76: =SUMIF(Spelarstatistik!A$2:A179, L76, Spelarstatistik!E$2:E179) -> 0 | Q76: =COUNTIF(Spelarstatistik!A$2:A179, L76) -> 0 | R76: =SUMIF(Matcher!AC$5:AC179, L76, Matcher!AH$5:AH179) -> 0 | S76: =IF(L76 <> "", ROUND(M76 + N76 + 0.5 * O76 + 5 * Q76 + 0.5 * R76,0), "")
M77: =SUMIF(Spelarstatistik!A$2:A179, L77, Spelarstatistik!B$2:B179) -> 0 | N77: =SUMIF(Spelarstatistik!A$2:A179, L77, Spelarstatistik!C$2:C179) -> 0 | O77: =SUMIF(Spelarstatistik!A$2:A179, L77, Spelarstatistik!D$2:D179) -> 0 | P77: =SUMIF(Spelarstatistik!A$2:A179, L77, Spelarstatistik!E$2:E179) -> 0 | Q77: =COUNTIF(Spelarstatistik!A$2:A179, L77) -> 0 | R77: =SUMIF(Matcher!AC$5:AC179, L77, Matcher!AH$5:AH179) -> 0 | S77: =IF(L77 <> "", ROUND(M77 + N77 + 0.5 * O77 + 5 * Q77 + 0.5 * R77,0), "")
M78: =SUMIF(Spelarstatistik!A$2:A179, L78, Spelarstatistik!B$2:B179) -> 0 | N78: =SUMIF(Spelarstatistik!A$2:A179, L78, Spelarstatistik!C$2:C179) -> 0 | O78: =SUMIF(Spelarstatistik!A$2:A179, L78, Spelarstatistik!D$2:D179) -> 0 | P78: =SUMIF(Spelarstatistik!A$2:A179, L78, Spelarstatistik!E$2:E179) -> 0 | Q78: =COUNTIF(Spelarstatistik!A$2:A179, L78) -> 0 | R78: =SUMIF(Matcher!AC$5:AC179, L78, Matcher!AH$5:AH179) -> 0 | S78: =IF(L78 <> "", ROUND(M78 + N78 + 0.5 * O78 + 5 * Q78 + 0.5 * R78,0), "")
M79: =SUMIF(Spelarstatistik!A$2:A179, L79, Spelarstatistik!B$2:B179) -> 0 | N79: =SUMIF(Spelarstatistik!A$2:A179, L79, Spelarstatistik!C$2:C179) -> 0 | O79: =SUMIF(Spelarstatistik!A$2:A179, L79, Spelarstatistik!D$2:D179) -> 0 | P79: =SUMIF(Spelarstatistik!A$2:A179, L79, Spelarstatistik!E$2:E179) -> 0 | Q79: =COUNTIF(Spelarstatistik!A$2:A179, L79) -> 0 | R79: =SUMIF(Matcher!AC$5:AC179, L79, Matcher!AH$5:AH179) -> 0 | S79: =IF(L79 <> "", ROUND(M79 + N79 + 0.5 * O79 + 5 * Q79 + 0.5 * R79,0), "")
M80: =SUMIF(Spelarstatistik!A$2:A179, L80, Spelarstatistik!B$2:B179) -> 0 | N80: =SUMIF(Spelarstatistik!A$2:A179, L80, Spelarstatistik!C$2:C179) -> 0 | O80: =SUMIF(Spelarstatistik!A$2:A179, L80, Spelarstatistik!D$2:D179) -> 0 | P80: =SUMIF(Spelarstatistik!A$2:A179, L80, Spelarstatistik!E$2:E179) -> 0 | Q80: =COUNTIF(Spelarstatistik!A$2:A179, L80) -> 0 | R80: =SUMIF(Matcher!AC$5:AC179, L80, Matcher!AH$5:AH179) -> 0 | S80: =IF(L80 <> "", ROUND(M80 + N80 + 0.5 * O80 + 5 * Q80 + 0.5 * R80,0), "")
M81: =SUMIF(Spelarstatistik!A$2:A179, L81, Spelarstatistik!B$2:B179) -> 0 | N81: =SUMIF(Spelarstatistik!A$2:A179, L81, Spelarstatistik!C$2:C179) -> 0 | O81: =SUMIF(Spelarstatistik!A$2:A179, L81, Spelarstatistik!D$2:D179) -> 0 | P81: =SUMIF(Spelarstatistik!A$2:A179, L81, Spelarstatistik!E$2:E179) -> 0 | Q81: =COUNTIF(Spelarstatistik!A$2:A179, L81) -> 0 | R81: =SUMIF(Matcher!AC$5:AC179, L81, Matcher!AH$5:AH179) -> 0 | S81: =IF(L81 <> "", ROUND(M81 + N81 + 0.5 * O81 + 5 * Q81 + 0.5 * R81,0), "")
M82: =SUMIF(Spelarstatistik!A$2:A179, L82, Spelarstatistik!B$2:B179) -> 0 | N82: =SUMIF(Spelarstatistik!A$2:A179, L82, Spelarstatistik!C$2:C179) -> 0 | O82: =SUMIF(Spelarstatistik!A$2:A179, L82, Spelarstatistik!D$2:D179) -> 0 | P82: =SUMIF(Spelarstatistik!A$2:A179, L82, Spelarstatistik!E$2:E179) -> 0 | Q82: =COUNTIF(Spelarstatistik!A$2:A179, L82) -> 0 | R82: =SUMIF(Matcher!AC$5:AC179, L82, Matcher!AH$5:AH179) -> 0 | S82: =IF(L82 <> "", ROUND(M82 + N82 + 0.5 * O82 + 5 * Q82 + 0.5 * R82,0), "")
M83: =SUMIF(Spelarstatistik!A$2:A179, L83, Spelarstatistik!B$2:B179) -> 0 | N83: =SUMIF(Spelarstatistik!A$2:A179, L83, Spelarstatistik!C$2:C179) -> 0 | O83: =SUMIF(Spelarstatistik!A$2:A179, L83, Spelarstatistik!D$2:D179) -> 0 | P83: =SUMIF(Spelarstatistik!A$2:A179, L83, Spelarstatistik!E$2:E179) -> 0 | Q83: =COUNTIF(Spelarstatistik!A$2:A179, L83) -> 0 | R83: =SUMIF(Matcher!AC$5:AC179, L83, Matcher!AH$5:AH179) -> 0 | S83: =IF(L83 <> "", ROUND(M83 + N83 + 0.5 * O83 + 5 * Q83 + 0.5 * R83,0), "")
M84: =SUMIF(Spelarstatistik!A$2:A179, L84, Spelarstatistik!B$2:B179) -> 0 | N84: =SUMIF(Spelarstatistik!A$2:A179, L84, Spelarstatistik!C$2:C179) -> 0 | O84: =SUMIF(Spelarstatistik!A$2:A179, L84, Spelarstatistik!D$2:D179) -> 0 | P84: =SUMIF(Spelarstatistik!A$2:A179, L84, Spelarstatistik!E$2:E179) -> 0 | Q84: =COUNTIF(Spelarstatistik!A$2:A179, L84) -> 0 | R84: =SUMIF(Matcher!AC$5:AC179, L84, Matcher!AH$5:AH179) -> 0 | S84: =IF(L84 <> "", ROUND(M84 + N84 + 0.5 * O84 + 5 * Q84 + 0.5 * R84,0), "")
M85: =SUMIF(Spelarstatistik!A$2:A179, L85, Spelarstatistik!B$2:B179) -> 0 | N85: =SUMIF(Spelarstatistik!A$2:A179, L85, Spelarstatistik!C$2:C179) -> 0 | O85: =SUMIF(Spelarstatistik!A$2:A179, L85, Spelarstatistik!D$2:D179) -> 0 | P85: =SUMIF(Spelarstatistik!A$2:A179, L85, Spelarstatistik!E$2:E179) -> 0 | Q85: =COUNTIF(Spelarstatistik!A$2:A179, L85) -> 0 | R85: =SUMIF(Matcher!AC$5:AC179, L85, Matcher!AH$5:AH179) -> 0 | S85: =IF(L85 <> "", ROUND(M85 + N85 + 0.5 * O85 + 5 * Q85 + 0.5 * R85,0), "")
M86: =SUMIF(Spelarstatistik!A$2:A179, L86, Spelarstatistik!B$2:B179) -> 0 | N86: =SUMIF(Spelarstatistik!A$2:A179, L86, Spelarstatistik!C$2:C179) -> 0 | O86: =SUMIF(Spelarstatistik!A$2:A179, L86, Spelarstatistik!D$2:D179) -> 0 | P86: =SUMIF(Spelarstatistik!A$2:A179, L86, Spelarstatistik!E$2:E179) -> 0 | Q86: =COUNTIF(Spelarstatistik!A$2:A179, L86) -> 0 | R86: =SUMIF(Matcher!AC$5:AC179, L86, Matcher!AH$5:AH179) -> 0 | S86: =IF(L86 <> "", ROUND(M86 + N86 + 0.5 * O86 + 5 * Q86 + 0.5 * R86,0), "")
M87: =SUMIF(Spelarstatistik!A$2:A179, L87, Spelarstatistik!B$2:B179) -> 0 | N87: =SUMIF(Spelarstatistik!A$2:A179, L87, Spelarstatistik!C$2:C179) -> 0 | O87: =SUMIF(Spelarstatistik!A$2:A179, L87, Spelarstatistik!D$2:D179) -> 0 | P87: =SUMIF(Spelarstatistik!A$2:A179, L87, Spelarstatistik!E$2:E179) -> 0 | Q87: =COUNTIF(Spelarstatistik!A$2:A179, L87) -> 0 | R87: =SUMIF(Matcher!AC$5:AC179, L87, Matcher!AH$5:AH179) -> 0 | S87: =IF(L87 <> "", ROUND(M87 + N87 + 0.5 * O87 + 5 * Q87 + 0.5 * R87,0), "")
M88: =SUMIF(Spelarstatistik!A$2:A179, L88, Spelarstatistik!B$2:B179) -> 0 | N88: =SUMIF(Spelarstatistik!A$2:A179, L88, Spelarstatistik!C$2:C179) -> 0 | O88: =SUMIF(Spelarstatistik!A$2:A179, L88, Spelarstatistik!D$2:D179) -> 0 | P88: =SUMIF(Spelarstatistik!A$2:A179, L88, Spelarstatistik!E$2:E179) -> 0 | Q88: =COUNTIF(Spelarstatistik!A$2:A179, L88) -> 0 | R88: =SUMIF(Matcher!AC$5:AC179, L88, Matcher!AH$5:AH179) -> 0 | S88: =IF(L88 <> "", ROUND(M88 + N88 + 0.5 * O88 + 5 * Q88 + 0.5 * R88,0), "")
M89: =SUMIF(Spelarstatistik!A$2:A179, L89, Spelarstatistik!B$2:B179) -> 0 | N89: =SUMIF(Spelarstatistik!A$2:A179, L89, Spelarstatistik!C$2:C179) -> 0 | O89: =SUMIF(Spelarstatistik!A$2:A179, L89, Spelarstatistik!D$2:D179) -> 0 | P89: =SUMIF(Spelarstatistik!A$2:A179, L89, Spelarstatistik!E$2:E179) -> 0 | Q89: =COUNTIF(Spelarstatistik!A$2:A179, L89) -> 0 | R89: =SUMIF(Matcher!AC$5:AC179, L89, Matcher!AH$5:AH179) -> 0 | S89: =IF(L89 <> "", ROUND(M89 + N89 + 0.5 * O89 + 5 * Q89 + 0.5 * R89,0), "")
M90: =SUMIF(Spelarstatistik!A$2:A179, L90, Spelarstatistik!B$2:B179) -> 0 | N90: =SUMIF(Spelarstatistik!A$2:A179, L90, Spelarstatistik!C$2:C179) -> 0 | O90: =SUMIF(Spelarstatistik!A$2:A179, L90, Spelarstatistik!D$2:D179) -> 0 | P90: =SUMIF(Spelarstatistik!A$2:A179, L90, Spelarstatistik!E$2:E179) -> 0 | Q90: =COUNTIF(Spelarstatistik!A$2:A179, L90) -> 0 | R90: =SUMIF(Matcher!AC$5:AC179, L90, Matcher!AH$5:AH179) -> 0 | S90: =IF(L90 <> "", ROUND(M90 + N90 + 0.5 * O90 + 5 * Q90 + 0.5 * R90,0), "")
M91: =SUMIF(Spelarstatistik!A$2:A179, L91, Spelarstatistik!B$2:B179) -> 0 | N91: =SUMIF(Spelarstatistik!A$2:A179, L91, Spelarstatistik!C$2:C179) -> 0 | O91: =SUMIF(Spelarstatistik!A$2:A179, L91, Spelarstatistik!D$2:D179) -> 0 | P91: =SUMIF(Spelarstatistik!A$2:A179, L91, Spelarstatistik!E$2:E179) -> 0 | Q91: =COUNTIF(Spelarstatistik!A$2:A179, L91) -> 0 | R91: =SUMIF(Matcher!AC$5:AC179, L91, Matcher!AH$5:AH179) -> 0 | S91: =IF(L91 <> "", ROUND(M91 + N91 + 0.5 * O91 + 5 * Q91 + 0.5 * R91,0), "")
M92: =SUMIF(Spelarstatistik!A$2:A179, L92, Spelarstatistik!B$2:B179) -> 0 | N92: =SUMIF(Spelarstatistik!A$2:A179, L92, Spelarstatistik!C$2:C179) -> 0 | O92: =SUMIF(Spelarstatistik!A$2:A179, L92, Spelarstatistik!D$2:D179) -> 0 | P92: =SUMIF(Spelarstatistik!A$2:A179, L92, Spelarstatistik!E$2:E179) -> 0 | Q92: =COUNTIF(Spelarstatistik!A$2:A179, L92) -> 0 | R92: =SUMIF(Matcher!AC$5:AC179, L92, Matcher!AH$5:AH179) -> 0 | S92: =IF(L92 <> "", ROUND(M92 + N92 + 0.5 * O92 + 5 * Q92 + 0.5 * R92,0), "")
M93: =SUMIF(Spelarstatistik!A$2:A179, L93, Spelarstatistik!B$2:B179) -> 0 | N93: =SUMIF(Spelarstatistik!A$2:A179, L93, Spelarstatistik!C$2:C179) -> 0 | O93: =SUMIF(Spelarstatistik!A$2:A179, L93, Spelarstatistik!D$2:D179) -> 0 | P93: =SUMIF(Spelarstatistik!A$2:A179, L93, Spelarstatistik!E$2:E179) -> 0 | Q93: =COUNTIF(Spelarstatistik!A$2:A179, L93) -> 0 | R93: =SUMIF(Matcher!AC$5:AC179, L93, Matcher!AH$5:AH179) -> 0 | S93: =IF(L93 <> "", ROUND(M93 + N93 + 0.5 * O93 + 5 * Q93 + 0.5 * R93,0), "")
M94: =SUMIF(Spelarstatistik!A$2:A179, L94, Spelarstatistik!B$2:B179) -> 0 | N94: =SUMIF(Spelarstatistik!A$2:A179, L94, Spelarstatistik!C$2:C179) -> 0 | O94: =SUMIF(Spelarstatistik!A$2:A179, L94, Spelarstatistik!D$2:D179) -> 0 | P94: =SUMIF(Spelarstatistik!A$2:A179, L94, Spelarstatistik!E$2:E179) -> 0 | Q94: =COUNTIF(Spelarstatistik!A$2:A179, L94) -> 0 | R94: =SUMIF(Matcher!AC$5:AC179, L94, Matcher!AH$5:AH179) -> 0 | S94: =IF(L94 <> "", ROUND(M94 + N94 + 0.5 * O94 + 5 * Q94 + 0.5 * R94,0), "")
M95: =SUMIF(Spelarstatistik!A$2:A179, L95, Spelarstatistik!B$2:B179) -> 0 | N95: =SUMIF(Spelarstatistik!A$2:A179, L95, Spelarstatistik!C$2:C179) -> 0 | O95: =SUMIF(Spelarstatistik!A$2:A179, L95, Spelarstatistik!D$2:D179) -> 0 | P95: =SUMIF(Spelarstatistik!A$2:A179, L95, Spelarstatistik!E$2:E179) -> 0 | Q95: =COUNTIF(Spelarstatistik!A$2:A179, L95) -> 0 | R95: =SUMIF(Matcher!AC$5:AC179, L95, Matcher!AH$5:AH179) -> 0 | S95: =IF(L95 <> "", ROUND(M95 + N95 + 0.5 * O95 + 5 * Q95 + 0.5 * R95,0), "")
M96: =SUMIF(Spelarstatistik!A$2:A179, L96, Spelarstatistik!B$2:B179) -> 0 | N96: =SUMIF(Spelarstatistik!A$2:A179, L96, Spelarstatistik!C$2:C179) -> 0 | O96: =SUMIF(Spelarstatistik!A$2:A179, L96, Spelarstatistik!D$2:D179) -> 0 | P96: =SUMIF(Spelarstatistik!A$2:A179, L96, Spelarstatistik!E$2:E179) -> 0 | Q96: =COUNTIF(Spelarstatistik!A$2:A179, L96) -> 0 | R96: =SUMIF(Matcher!AC$5:AC179, L96, Matcher!AH$5:AH179) -> 0 | S96: =IF(L96 <> "", ROUND(M96 + N96 + 0.5 * O96 + 5 * Q96 + 0.5 * R96,0), "")
M97: =SUMIF(Spelarstatistik!A$2:A179, L97, Spelarstatistik!B$2:B179) -> 0 | N97: =SUMIF(Spelarstatistik!A$2:A179, L97, Spelarstatistik!C$2:C179) -> 0 | O97: =SUMIF(Spelarstatistik!A$2:A179, L97, Spelarstatistik!D$2:D179) -> 0 | P97: =SUMIF(Spelarstatistik!A$2:A179, L97, Spelarstatistik!E$2:E179) -> 0 | Q97: =COUNTIF(Spelarstatistik!A$2:A179, L97) -> 0 | R97: =SUMIF(Matcher!AC$5:AC179, L97, Matcher!AH$5:AH179) -> 0 | S97: =IF(L97 <> "", ROUND(M97 + N97 + 0.5 * O97 + 5 * Q97 + 0.5 * R97,0), "")
M98: =SUMIF(Spelarstatistik!A$2:A179, L98, Spelarstatistik!B$2:B179) -> 0 | N98: =SUMIF(Spelarstatistik!A$2:A179, L98, Spelarstatistik!C$2:C179) -> 0 | O98: =SUMIF(Spelarstatistik!A$2:A179, L98, Spelarstatistik!D$2:D179) -> 0 | P98: =SUMIF(Spelarstatistik!A$2:A179, L98, Spelarstatistik!E$2:E179) -> 0 | Q98: =COUNTIF(Spelarstatistik!A$2:A179, L98) -> 0 | R98: =SUMIF(Matcher!AC$5:AC179, L98, Matcher!AH$5:AH179) -> 0 | S98: =IF(L98 <> "", ROUND(M98 + N98 + 0.5 * O98 + 5 * Q98 + 0.5 * R98,0), "")
M99: =SUMIF(Spelarstatistik!A$2:A179, L99, Spelarstatistik!B$2:B179) -> 0 | N99: =SUMIF(Spelarstatistik!A$2:A179, L99, Spelarstatistik!C$2:C179) -> 0 | O99: =SUMIF(Spelarstatistik!A$2:A179, L99, Spelarstatistik!D$2:D179) -> 0 | P99: =SUMIF(Spelarstatistik!A$2:A179, L99, Spelarstatistik!E$2:E179) -> 0 | Q99: =COUNTIF(Spelarstatistik!A$2:A179, L99) -> 0 | R99: =SUMIF(Matcher!AC$5:AC179, L99, Matcher!AH$5:AH179) -> 0 | S99: =IF(L99 <> "", ROUND(M99 + N99 + 0.5 * O99 + 5 * Q99 + 0.5 * R99,0), "")
M100: =SUMIF(Spelarstatistik!A$2:A179, L100, Spelarstatistik!B$2:B179) -> 0 | N100: =SUMIF(Spelarstatistik!A$2:A179, L100, Spelarstatistik!C$2:C179) -> 0 | O100: =SUMIF(Spelarstatistik!A$2:A179, L100, Spelarstatistik!D$2:D179) -> 0 | P100: =SUMIF(Spelarstatistik!A$2:A179, L100, Spelarstatistik!E$2:E179) -> 0 | Q100: =COUNTIF(Spelarstatistik!A$2:A179, L100) -> 0 | R100: =SUMIF(Matcher!AC$5:AC179, L100, Matcher!AH$5:AH179) -> 0 | S100: =IF(L100 <> "", ROUND(M100 + N100 + 0.5 * O100 + 5 * Q100 + 0.5 * R100,0), "")
...

Sheet Laggenerator med ELO
A1: Närvarande Spelare | B1: Antal lag | C1: Random float | D1: Random int | E1: Random team | F1: Blå | G1: Rosa | H1: Svart | I1: Brun | K1: Blå | L1: Rosa | M1: Svart | N1: Brun
A2: ELO | F2: =IFERROR(__xludf.DUMMYFUNCTION("IFERROR(ROUND(AVERAGE(FILTER('Poängligan'!$J$2:$J31, MATCH('Poängligan'!$A$2:$A31, F3:F31, 0))), 2), """")"),11.43) -> 11.43 | G2: =IFERROR(__xludf.DUMMYFUNCTION("IFERROR(ROUND(AVERAGE(FILTER('Poängligan'!$J$2:$J31, MATCH('Poängligan'!$A$2:$A31, G3:G31, 0))), 2), """")"),9.74) -> 9.74 | H2: =IFERROR(__xludf.DUMMYFUNCTION("IFERROR(ROUND(AVERAGE(FILTER('Poängligan'!$J$2:$J31, MATCH('Poängligan'!$A$2:$A31, H3:H31, 0))), 2), """")"),"") | I2: =IFERROR(__xludf.DUMMYFUNCTION("IFERROR(ROUND(AVERAGE(FILTER('Poängligan'!$J$2:$J31, MATCH('Poängligan'!$A$2:$A31, I3:I31, 0))), 2), """")"),"") | K2: =IFERROR(__xludf.DUMMYFUNCTION("IFERROR(ROUND(AVERAGE(FILTER('Poängligan'!$J$2:$J31, MATCH('Poängligan'!$A$2:$A31, K3:K31, 0))), 2), """")"),10.4) -> 10.4 | L2: =IFERROR(__xludf.DUMMYFUNCTION("IFERROR(ROUND(AVERAGE(FILTER('Poängligan'!$J$2:$J31, MATCH('Poängligan'!$A$2:$A31, L3:L31, 0))), 2), """")"),9.55) -> 9.55 | M2: =IFERROR(__xludf.DUMMYFUNCTION("IFERROR(ROUND(AVERAGE(FILTER('Poängligan'!$J$2:$J31, MATCH('Poängligan'!$A$2:$A31, M3:M31, 0))), 2), """")"),9.45) -> 9.45 | N2: =IFERROR(__xludf.DUMMYFUNCTION("IFERROR(ROUND(AVERAGE(FILTER('Poängligan'!$J$2:$J31, MATCH('Poängligan'!$A$2:$A31, N3:N31, 0))), 2), """")"),"")
A3: Oliver G | B3: 2 | C3: =IF(ISBLANK(A3), "", RAND()) -> 0.52026655 | D3: =IF(ISBLANK(A3), "", RANK(C3, $C$3:$C31)) -> 8 | E3: =IF(ISBLANK(A3), "", MOD(D3-1, $B$3) + 1) -> 2 | F3: =IFERROR(__xludf.DUMMYFUNCTION("SORT(IF($B$3>=1, FILTER($A$3:$A31, $E$3:$E31=1), """")) "),"Daniel Ö") -> Daniel Ö | G3: =IFERROR(__xludf.DUMMYFUNCTION("SORT(IF($B$3>=2, FILTER($A$3:$A31, $E$3:$E31=2), """")) "),"Daniel K") -> Daniel K | H3: =IFERROR(__xludf.DUMMYFUNCTION("SORT(IF($B$3>=3, FILTER($A$3:$A31, $E$3:$E31=3), """")) "),"") | J3: =MAX(F2:I2)-MIN(F2:I2) -> 1.69 | K3: Samuel P | L3: Dennis F | M3: Isak
A4: Jakob S | C4: =IF(ISBLANK(#REF!), "", RAND()) -> 0.52639967 | D4: =IF(ISBLANK(#REF!), "", RANK(C4, $C$3:$C31)) -> 7 | E4: =IF(ISBLANK(#REF!), "", MOD(D4-1, $B$3) + 1) -> 1 | F4: =IFERROR(__xludf.DUMMYFUNCTION("""COMPUTED_VALUE"""),"Isak L") -> Isak L | G4: =IFERROR(__xludf.DUMMYFUNCTION("""COMPUTED_VALUE"""),"Dennis F") -> Dennis F | K4: Ivan | L4: Aria A | M4: Oliver G
A5: Isak L | C5: =IF(ISBLANK(A5), "", RAND()) -> 0.21703658 | D5: =IF(ISBLANK(A5), "", RANK(C5, $C$3:$C31)) -> 11 | E5: =IF(ISBLANK(A5), "", MOD(D5-1, $B$3) + 1) -> 1 | F5: =IFERROR(__xludf.DUMMYFUNCTION("""COMPUTED_VALUE"""),"Jakob S") -> Jakob S | G5: =IFERROR(__xludf.DUMMYFUNCTION("""COMPUTED_VALUE"""),"Emil A") -> Emil A | K5: George | L5: Shahir | M5: Oskar R
A6: Daniel K | C6: =IF(ISBLANK(#REF!), "", RAND()) -> 0.8037007 | D6: =IF(ISBLANK(#REF!), "", RANK(C6, $C$3:$C31)) -> 2 | E6: =IF(ISBLANK(#REF!), "", MOD(D6-1, $B$3) + 1) -> 2 | G6: =IFERROR(__xludf.DUMMYFUNCTION("""COMPUTED_VALUE"""),"Ivan N") -> Ivan N | L6: Henrik | M6: Gustav?
A7: Daniel Ö | C7: =IF(ISBLANK(#REF!), "", RAND()) -> 0.33877958 | D7: =IF(ISBLANK(#REF!), "", RANK(C7, $C$3:$C32)) -> 9 | E7: =IF(ISBLANK(#REF!), "", MOD(D7-1, $B$3) + 1) -> 1 | G7: =IFERROR(__xludf.DUMMYFUNCTION("""COMPUTED_VALUE"""),"Joel ") -> Joel
A8: Joel | C8: =IF(ISBLANK(#REF!), "", RAND()) -> 0.31373515 | D8: =IF(ISBLANK(#REF!), "", RANK(C8, $C$3:$C33)) -> 10 | E8: =IF(ISBLANK(#REF!), "", MOD(D8-1, $B$3) + 1) -> 2 | G8: =IFERROR(__xludf.DUMMYFUNCTION("""COMPUTED_VALUE"""),"Oliver G") -> Oliver G
A9: Ivan N | C9: =IF(ISBLANK(#REF!), "", RAND()) -> 0.2083219 | D9: =IF(ISBLANK(#REF!), "", RANK(C9, $C$3:$C34)) -> 12 | E9: =IF(ISBLANK(#REF!), "", MOD(D9-1, $B$3) + 1) -> 2 | G9: =IFERROR(__xludf.DUMMYFUNCTION("""COMPUTED_VALUE"""),"Yvan P") -> Yvan P
A10: Dennis F | C10: =IF(ISBLANK(#REF!), "", RAND()) -> 0.72323117 | D10: =IF(ISBLANK(#REF!), "", RANK(C10, $C$3:$C35)) -> 4 | E10: =IF(ISBLANK(#REF!), "", MOD(D10-1, $B$3) + 1) -> 2
A11: Yvan P | C11: =IF(ISBLANK(A4), "", RAND()) -> 0.086966582 | D11: =IF(ISBLANK(A4), "", RANK(C11, $C$3:$C31)) -> 14 | E11: =IF(ISBLANK(A4), "", MOD(D11-1, $B$3) + 1) -> 2
A12: Emil A | C12: =IF(ISBLANK(#REF!), "", RAND()) -> 0.022756389 | D12: =IF(ISBLANK(#REF!), "", RANK(C12, $C$3:$C31)) -> 16 | E12: =IF(ISBLANK(#REF!), "", MOD(D12-1, $B$3) + 1) -> 2
C13: =IF(ISBLANK(#REF!), "", RAND()) -> 0.98023711 | D13: =IF(ISBLANK(#REF!), "", RANK(C13, $C$3:$C32)) -> 1 | E13: =IF(ISBLANK(#REF!), "", MOD(D13-1, $B$3) + 1) -> 1
C14: =IF(ISBLANK(#REF!), "", RAND()) -> 0.77750145 | D14: =IF(ISBLANK(#REF!), "", RANK(C14, $C$3:$C33)) -> 3 | E14: =IF(ISBLANK(#REF!), "", MOD(D14-1, $B$3) + 1) -> 1
C15: =IF(ISBLANK(#REF!), "", RAND()) -> 0.029225878 | D15: =IF(ISBLANK(#REF!), "", RANK(C15, $C$3:$C34)) -> 15 | E15: =IF(ISBLANK(#REF!), "", MOD(D15-1, $B$3) + 1) -> 1
C16: =IF(ISBLANK(#REF!), "", RAND()) -> 0.60765755 | D16: =IF(ISBLANK(#REF!), "", RANK(C16, $C$3:$C35)) -> 6 | E16: =IF(ISBLANK(#REF!), "", MOD(D16-1, $B$3) + 1) -> 2
C17: =IF(ISBLANK(A16), "", RAND()) | D17: =IF(ISBLANK(A16), "", RANK(C17, $C$3:$C31)) | E17: =IF(ISBLANK(A16), "", MOD(D17-1, $B$3) + 1)
C18: =IF(ISBLANK(A10), "", RAND()) -> 0.11276833 | D18: =IF(ISBLANK(A10), "", RANK(C18, $C$3:$C31)) -> 13 | E18: =IF(ISBLANK(A10), "", MOD(D18-1, $B$3) + 1) -> 1
C19: =IF(ISBLANK(A7), "", RAND()) -> 0.61366043 | D19: =IF(ISBLANK(A7), "", RANK(C19, $C$3:$C31)) -> 5 | E19: =IF(ISBLANK(A7), "", MOD(D19-1, $B$3) + 1) -> 1
C20: =IF(ISBLANK(A20), "", RAND()) | D20: =IF(ISBLANK(A20), "", RANK(C20, $C$3:$C31)) | E20: =IF(ISBLANK(A20), "", MOD(D20-1, $B$3) + 1)
C21: =IF(ISBLANK(A21), "", RAND()) | D21: =IF(ISBLANK(A21), "", RANK(C21, $C$3:$C32)) | E21: =IF(ISBLANK(A21), "", MOD(D21-1, $B$3) + 1)
C22: =IF(ISBLANK(A22), "", RAND()) | D22: =IF(ISBLANK(A22), "", RANK(C22, $C$3:$C33)) | E22: =IF(ISBLANK(A22), "", MOD(D22-1, $B$3) + 1)
C23: =IF(ISBLANK(A23), "", RAND()) | D23: =IF(ISBLANK(A23), "", RANK(C23, $C$3:$C34)) | E23: =IF(ISBLANK(A23), "", MOD(D23-1, $B$3) + 1)
C24: =IF(ISBLANK(A24), "", RAND()) | D24: =IF(ISBLANK(A24), "", RANK(C24, $C$3:$C35)) | E24: =IF(ISBLANK(A24), "", MOD(D24-1, $B$3) + 1)
C25: =IF(ISBLANK(A25), "", RAND()) | D25: =IF(ISBLANK(A25), "", RANK(C25, $C$3:$C36)) | E25: =IF(ISBLANK(A25), "", MOD(D25-1, $B$3) + 1)
C26: =IF(ISBLANK(A26), "", RAND()) | D26: =IF(ISBLANK(A26), "", RANK(C26, $C$3:$C37)) | E26: =IF(ISBLANK(A26), "", MOD(D26-1, $B$3) + 1)
C27: =IF(ISBLANK(A27), "", RAND()) | D27: =IF(ISBLANK(A27), "", RANK(C27, $C$3:$C38)) | E27: =IF(ISBLANK(A27), "", MOD(D27-1, $B$3) + 1)
C28: =IF(ISBLANK(A28), "", RAND()) | D28: =IF(ISBLANK(A28), "", RANK(C28, $C$3:$C39)) | E28: =IF(ISBLANK(A28), "", MOD(D28-1, $B$3) + 1)
C29: =IF(ISBLANK(A29), "", RAND()) | D29: =IF(ISBLANK(A29), "", RANK(C29, $C$3:$C40)) | E29: =IF(ISBLANK(A29), "", MOD(D29-1, $B$3) + 1)
C30: =IF(ISBLANK(A30), "", RAND()) | D30: =IF(ISBLANK(A30), "", RANK(C30, $C$3:$C41)) | E30: =IF(ISBLANK(A30), "", MOD(D30-1, $B$3) + 1)
C31: =IF(ISBLANK(A31), "", RAND()) | D31: =IF(ISBLANK(A31), "", RANK(C31, $C$3:$C42)) | E31: =IF(ISBLANK(A31), "", MOD(D31-1, $B$3) + 1)

Sheet Torpedo
A1: Knullrunkcupen 2025/2026
A2: Matcher | H2: Blå | I2: Mål | J2: Assist | M2: Rosa | N2: Mål | O2: Assist | R2: Målvakter | T2: Mål | U2: Assist
A3: Hemma | B3: Resultat | E3: Borta | F3: Vinnare | G3: Förlorare | H3: Spelare | I3: Mål | J3: Assist | K3: Vinster | L3: Förluster | M3: Spelare | N3: Mål | O3: Assist | P3: Vinster | Q3: Förluster | R3: Spelare | T3: Mål | U3: Assist | V3: Vinster | W3: Förluster | X3: Nollor | AA3: Nollor H | AB3: Nollor B
A4: Gameweek 1 | H4: =A4 -> Gameweek 1 | K4: Vin. | L4: För. | M4: Gameweek 1 | P4: Vin. | Q4: För. | R4: =A4 -> Gameweek 1 | V4: Vin. | W4: För. | X4: Nollor | Y4: Temp
A5: VSK | B5: 3 | C5: =IF(ISBLANK(A5), "", "-") -> - | D5: 1 | E5: TBK | F5: =IF(AND(B5 <> "", D5 <> ""), IF(B5 > D5, A5, IF(D5 > B5, E5, "Oavgjort")), "") -> VSK | G5: =IF(AND(B5 <> "", D5 <> ""), IF(B5 < D5, A5, IF(D5 < B5, E5, "Oavgjort")), "") -> TBK | H5: Samuel P | I5: 0 | J5: 2 | K5: {=IF(SEQUENCE(18, 1), COUNTIF(F5:F22, $H$2))} -> 0 | L5: {=IF(SEQUENCE(18, 1), COUNTIF(G5:G22, $H$2))} -> 0 | N5: 0 | O5: 0 | P5: {=IF(SEQUENCE(18, 1), COUNTIF(F5:F22, $M$2))} -> 0 | Q5: {=IF(SEQUENCE(18, 1), COUNTIF(G5:G22, $M$2))} -> 0 | R5: Hemma | S5: Branislav D | T5: 0 | U5: 0 | V5: =IF(R5 = "Borta", Z5, (IF(R5 = "Hemma", Y5, 0))) -> 18 | W5: 5 | X5: =IF(R5 = "Borta", AA5, (IF(R5 = "Hemma", AB5, 0))) -> 1 | Y5: {=IF(F5 <> "", SEQUENCE(18,1,1,0)*SUM(IF(A5:A22 = F5:F22, 1, 0)), SEQUENCE(18,1,0,0) )} -> 18 | Z5: {=IF(G5 <> "", SEQUENCE(18,1,1,0)*SUM(IF(E5:E22 = F5:F22, 1, 0)), SEQUENCE(18,1,0,0) )} -> 14 | AA5: {=IF(SEQUENCE(18, 1), COUNTIF(B5:B22, 0))} -> 0 | AB5: {=IF(SEQUENCE(18, 1), COUNTIF(D5:D22, 0))} -> 1
A6: VSK | B6: 2 | C6: =IF(ISBLANK(A6), "", "-") -> - | D6: 0 | E6: TBK | F6: =IF(AND(B6 <> "", D6 <> ""), IF(B6 > D6, A6, IF(D6 > B6, E6, "Oavgjort")), "") -> VSK | G6: =IF(AND(B6 <> "", D6 <> ""), IF(B6 < D6, A6, IF(D6 < B6, E6, "Oavgjort")), "") -> TBK | H6: Aria A | I6: 1 | J6: 0 | K6: 0 | L6: 0 | N6: 0 | O6: 0 | P6: 0 | Q6: 0 | R6: Hemma | S6: Emil B | T6: 0 | U6: 1 | V6: 5 | W6: =IF(R6 = "Hemma", Z6, (IF(R6 = "Borta", Y6, 0))) -> 14 | X6: =IF(R6 = "Borta", AA6, (IF(R6 = "Hemma", AB6, 0))) -> 1 | Y6: 18 | Z6: 14 | AA6: 0 | AB6: 1
A7: VSK | B7: 3 | C7: =IF(ISBLANK(A7), "", "-") -> - | D7: 1 | E7: TBK | F7: =IF(AND(B7 <> "", D7 <> ""), IF(B7 > D7, A7, IF(D7 > B7, E7, "Oavgjort")), "") -> VSK | G7: =IF(AND(B7 <> "", D7 <> ""), IF(B7 < D7, A7, IF(D7 < B7, E7, "Oavgjort")), "") -> TBK | H7: Benjamin L | I7: 1 | J7: 1 | K7: 0 | L7: 0 | N7: 0 | O7: 0 | P7: 0 | Q7: 0 | V7: =IF(R7 = "Borta", Z7, (IF(R7 = "Hemma", Y7, 0))) -> 0 | W7: =IF(R7 = "Hemma", Z7, (IF(R7 = "Borta", Y7, 0))) -> 0 | X7: =IF(R7 = "Borta", AA7, (IF(R7 = "Hemma", AB7, 0))) -> 0 | Y7: 18 | Z7: 14 | AA7: 0 | AB7: 1
A8: VSK | B8: 5 | C8: - | D8: 2 | E8: TBK | F8: =IF(AND(B8 <> "", D8 <> ""), IF(B8 > D8, A8, IF(D8 > B8, E8, "Oavgjort")), "") -> VSK | G8: =IF(AND(B8 <> "", D8 <> ""), IF(B8 < D8, A8, IF(D8 < B8, E8, "Oavgjort")), "") -> TBK | H8: Oskar R | I8: 0 | J8: 0 | K8: 0 | L8: 0 | N8: 2 | O8: 1 | P8: 0 | Q8: 0 | V8: =IF(R8 = "Borta", Z8, (IF(R8 = "Hemma", Y8, 0))) -> 0 | W8: =IF(R8 = "Hemma", Z8, (IF(R8 = "Borta", Y8, 0))) -> 0 | X8: =IF(R8 = "Borta", AA8, (IF(R8 = "Hemma", AB8, 0))) -> 0 | Y8: 18 | Z8: 14 | AA8: 0 | AB8: 1
F9: =IF(AND(B9 <> "", D9 <> ""), IF(B9 > D9, A9, IF(D9 > B9, E9, "Oavgjort")), "") | G9: =IF(AND(B9 <> "", D9 <> ""), IF(B9 < D9, A9, IF(D9 < B9, E9, "Oavgjort")), "") | H9: Emil A | I9: 0 | J9: 1 | K9: 0 | L9: 0 | N9: 0 | O9: 0 | P9: 0 | Q9: 0 | V9: =IF(R9 = "Borta", Z9, (IF(R9 = "Hemma", Y9, 0))) -> 0 | W9: =IF(R9 = "Hemma", Z9, (IF(R9 = "Borta", Y9, 0))) -> 0 | X9: =IF(R9 = "Borta", AA9, (IF(R9 = "Hemma", AB9, 0))) -> 0 | Y9: 18 | Z9: 14 | AA9: 0 | AB9: 1
F10: =IF(AND(B10 <> "", D10 <> ""), IF(B10 > D10, A10, IF(D10 > B10, E10, "Oavgjort")), "") | G10: =IF(AND(B10 <> "", D10 <> ""), IF(B10 < D10, A10, IF(D10 < B10, E10, "Oavgjort")), "") | H10: Daniel K | I10: 0 | J10: 0 | K10: 0 | L10: 0 | N10: 0 | O10: 0 | P10: 0 | Q10: 0 | V10: =IF(R10 = "Borta", Z10, (IF(R10 = "Hemma", Y10, 0))) -> 0 | W10: =IF(R10 = "Hemma", Z10, (IF(R10 = "Borta", Y10, 0))) -> 0 | X10: =IF(R10 = "Borta", AA10, (IF(R10 = "Hemma", AB10, 0))) -> 0 | Y10: 18 | Z10: 14 | AA10: 0 | AB10: 1
F11: =IF(AND(B11 <> "", D11 <> ""), IF(B11 > D11, A11, IF(D11 > B11, E11, "Oavgjort")), "") | G11: =IF(AND(B11 <> "", D11 <> ""), IF(B11 < D11, A11, IF(D11 < B11, E11, "Oavgjort")), "") | H11: Jacob S | I11: 2 | J11: 1 | K11: 0 | L11: 0 | N11: 0 | O11: 0 | P11: 0 | Q11: 0 | V11: =IF(R11 = "Borta", Z11, (IF(R11 = "Hemma", Y11, 0))) -> 0 | W11: =IF(R11 = "Hemma", Z11, (IF(R11 = "Borta", Y11, 0))) -> 0 | X11: =IF(R11 = "Borta", AA11, (IF(R11 = "Hemma", AB11, 0))) -> 0 | Y11: 18 | Z11: 14 | AA11: 0 | AB11: 1
F12: =IF(AND(B12 <> "", D12 <> ""), IF(B12 > D12, A12, IF(D12 > B12, E12, "Oavgjort")), "") | G12: =IF(AND(B12 <> "", D12 <> ""), IF(B12 < D12, A12, IF(D12 < B12, E12, "Oavgjort")), "") | H12: Oliver G | I12: 3 | J12: 3 | K12: 0 | L12: 0 | N12: 0 | O12: 0 | P12: 0 | Q12: 0 | V12: =IF(R12 = "Borta", Z12, (IF(R12 = "Hemma", Y12, 0))) -> 0 | W12: =IF(R12 = "Hemma", Z12, (IF(R12 = "Borta", Y12, 0))) -> 0 | X12: =IF(R12 = "Borta", AA12, (IF(R12 = "Hemma", AB12, 0))) -> 0 | Y12: 18 | Z12: 14 | AA12: 0 | AB12: 1
F13: =IF(AND(B13 <> "", D13 <> ""), IF(B13 > D13, A13, IF(D13 > B13, E13, "Oavgjort")), "") | G13: =IF(AND(B13 <> "", D13 <> ""), IF(B13 < D13, A13, IF(D13 < B13, E13, "Oavgjort")), "") | H13: Yvan | I13: 0 | J13: 1 | K13: 0 | L13: 0 | N13: 0 | O13: 0 | P13: 0 | Q13: 0 | V13: =IF(R13 = "Borta", Z13, (IF(R13 = "Hemma", Y13, 0))) -> 0 | W13: =IF(R13 = "Hemma", Z13, (IF(R13 = "Borta", Y13, 0))) -> 0 | X13: =IF(R13 = "Borta", AA13, (IF(R13 = "Hemma", AB13, 0))) -> 0 | Y13: 18 | Z13: 14 | AA13: 0 | AB13: 1
F14: =IF(AND(B14 <> "", D14 <> ""), IF(B14 > D14, A14, IF(D14 > B14, E14, "Oavgjort")), "") | G14: =IF(AND(B14 <> "", D14 <> ""), IF(B14 < D14, A14, IF(D14 < B14, E14, "Oavgjort")), "") | H14: Daniel Ö | I14: 0 | J14: 2 | K14: 0 | L14: 0 | N14: 0 | O14: 0 | P14: 0 | Q14: 0 | V14: =IF(R14 = "Borta", Z14, (IF(R14 = "Hemma", Y14, 0))) -> 0 | W14: =IF(R14 = "Hemma", Z14, (IF(R14 = "Borta", Y14, 0))) -> 0 | X14: =IF(R14 = "Borta", AA14, (IF(R14 = "Hemma", AB14, 0))) -> 0 | Y14: 18 | Z14: 14 | AA14: 0 | AB14: 1
F15: =IF(AND(B15 <> "", D15 <> ""), IF(B15 > D15, A15, IF(D15 > B15, E15, "Oavgjort")), "") | G15: =IF(AND(B15 <> "", D15 <> ""), IF(B15 < D15, A15, IF(D15 < B15, E15, "Oavgjort")), "") | H15: Emil F | I15: 2 | J15: 0 | K15: 0 | L15: 0 | N15: 0 | O15: 0 | P15: 0 | Q15: 0 | V15: =IF(R15 = "Borta", Z15, (IF(R15 = "Hemma", Y15, 0))) -> 0 | W15: =IF(R15 = "Hemma", Z15, (IF(R15 = "Borta", Y15, 0))) -> 0 | X15: =IF(R15 = "Borta", AA15, (IF(R15 = "Hemma", AB15, 0))) -> 0 | Y15: 18 | Z15: 14 | AA15: 0 | AB15: 1
F16: =IF(AND(B16 <> "", D16 <> ""), IF(B16 > D16, A16, IF(D16 > B16, E16, "Oavgjort")), "") | G16: =IF(AND(B16 <> "", D16 <> ""), IF(B16 < D16, A16, IF(D16 < B16, E16, "Oavgjort")), "") | H16: Ivan N | I16: 1 | J16: 1 | K16: 0 | L16: 0 | N16: 0 | O16: 0 | P16: 0 | Q16: 0 | V16: =IF(R16 = "Borta", Z16, (IF(R16 = "Hemma", Y16, 0))) -> 0 | W16: =IF(R16 = "Hemma", Z16, (IF(R16 = "Borta", Y16, 0))) -> 0 | X16: =IF(R16 = "Borta", AA16, (IF(R16 = "Hemma", AB16, 0))) -> 0 | Y16: 18 | Z16: 14 | AA16: 0 | AB16: 1
F17: =IF(AND(B17 <> "", D17 <> ""), IF(B17 > D17, A17, IF(D17 > B17, E17, "Oavgjort")), "") | G17: =IF(AND(B17 <> "", D17 <> ""), IF(B17 < D17, A17, IF(D17 < B17, E17, "Oavgjort")), "") | H17: Dennis F | I17: 2 | J17: 0 | K17: 0 | L17: 0 | N17: 0 | O17: 0 | P17: 0 | Q17: 0 | V17: =IF(R17 = "Borta", Z17, (IF(R17 = "Hemma", Y17, 0))) -> 0 | W17: =IF(R17 = "Hemma", Z17, (IF(R17 = "Borta", Y17, 0))) -> 0 | X17: =IF(R17 = "Borta", AA17, (IF(R17 = "Hemma", AB17, 0))) -> 0 | Y17: 18 | Z17: 14 | AA17: 0 | AB17: 1
F18: =IF(AND(B18 <> "", D18 <> ""), IF(B18 > D18, A18, IF(D18 > B18, E18, "Oavgjort")), "") | G18: =IF(AND(B18 <> "", D18 <> ""), IF(B18 < D18, A18, IF(D18 < B18, E18, "Oavgjort")), "") | I18: 0 | J18: 0 | K18: 0 | L18: 0 | N18: 0 | O18: 0 | P18: 0 | Q18: 0 | V18: =IF(R18 = "Borta", Z18, (IF(R18 = "Hemma", Y18, 0))) -> 0 | W18: =IF(R18 = "Hemma", Z18, (IF(R18 = "Borta", Y18, 0))) -> 0 | X18: =IF(R18 = "Borta", AA18, (IF(R18 = "Hemma", AB18, 0))) -> 0 | Y18: 18 | Z18: 14 | AA18: 0 | AB18: 1
F19: =IF(AND(B19 <> "", D19 <> ""), IF(B19 > D19, A19, IF(D19 > B19, E19, "Oavgjort")), "") | G19: =IF(AND(B19 <> "", D19 <> ""), IF(B19 < D19, A19, IF(D19 < B19, E19, "Oavgjort")), "") | I19: 0 | J19: 0 | K19: 0 | L19: 0 | N19: 0 | O19: 0 | P19: 0 | Q19: 0 | V19: =IF(R19 = "Borta", Z19, (IF(R19 = "Hemma", Y19, 0))) -> 0 | W19: =IF(R19 = "Hemma", Z19, (IF(R19 = "Borta", Y19, 0))) -> 0 | X19: =IF(R19 = "Borta", AA19, (IF(R19 = "Hemma", AB19, 0))) -> 0 | Y19: 18 | Z19: 14 | AA19: 0 | AB19: 1
F20: =IF(AND(B20 <> "", D20 <> ""), IF(B20 > D20, A20, IF(D20 > B20, E20, "Oavgjort")), "") | G20: =IF(AND(B20 <> "", D20 <> ""), IF(B20 < D20, A20, IF(D20 < B20, E20, "Oavgjort")), "") | I20: 0 | J20: 0 | K20: 0 | L20: 0 | N20: 0 | O20: 0 | P20: 0 | Q20: 0 | V20: =IF(R20 = "Borta", Z20, (IF(R20 = "Hemma", Y20, 0))) -> 0 | W20: =IF(R20 = "Hemma", Z20, (IF(R20 = "Borta", Y20, 0))) -> 0 | X20: =IF(R20 = "Borta", AA20, (IF(R20 = "Hemma", AB20, 0))) -> 0 | Y20: 18 | Z20: 14 | AA20: 0 | AB20: 1
C21: =IF(ISBLANK(A21), "", "-") | F21: =IF(AND(B21 <> "", D21 <> ""), IF(B21 > D21, A21, IF(D21 > B21, E21, "Oavgjort")), "") | G21: =IF(AND(B21 <> "", D21 <> ""), IF(B21 < D21, A21, IF(D21 < B21, E21, "Oavgjort")), "") | I21: 0 | J21: 0 | K21: 0 | L21: 0 | N21: 0 | O21: 0 | P21: 0 | Q21: 0 | V21: =IF(R21 = "Borta", Z21, (IF(R21 = "Hemma", Y21, 0))) -> 0 | W21: =IF(R21 = "Hemma", Z21, (IF(R21 = "Borta", Y21, 0))) -> 0 | X21: =IF(R21 = "Borta", AA21, (IF(R21 = "Hemma", AB21, 0))) -> 0 | Y21: 18 | Z21: 14 | AA21: 0 | AB21: 1
C22: =IF(ISBLANK(A22), "", "-") | F22: =IF(AND(B22 <> "", D22 <> ""), IF(B22 > D22, A22, IF(D22 > B22, E22, "Oavgjort")), "") | G22: =IF(AND(B22 <> "", D22 <> ""), IF(B22 < D22, A22, IF(D22 < B22, E22, "Oavgjort")), "") | I22: 0 | J22: 0 | K22: 0 | L22: 0 | N22: 0 | O22: 0 | P22: 0 | Q22: 0 | V22: =IF(R22 = "Borta", Z22, (IF(R22 = "Hemma", Y22, 0))) -> 0 | W22: =IF(R22 = "Hemma", Z22, (IF(R22 = "Borta", Y22, 0))) -> 0 | X22: =IF(R22 = "Borta", AA22, (IF(R22 = "Hemma", AB22, 0))) -> 0 | Y22: 18 | Z22: 14 | AA22: 0 | AB22: 1
C23: =IF(ISBLANK(A23), "", "-") | F23: =IF(AND(B23 <> "", D23 <> ""), IF(B23 > D23, A23, IF(D23 > B23, E23, "Oavgjort")), "") | G23: =IF(AND(B23 <> "", D23 <> ""), IF(B23 < D23, A23, IF(D23 < B23, E23, "Oavgjort")), "") | I23: 0 | J23: 0 | N23: 0 | O23: 0 | V23: =IF(R23 = "Borta", Z23, (IF(R23 = "Hemma", Y23, 0))) -> 0 | W23: =IF(R23 = "Hemma", Z23, (IF(R23 = "Borta", Y23, 0))) -> 0 | X23: =IF(R23 = "Borta", AA23, (IF(R23 = "Hemma", AB23, 0))) -> 0
C24: =IF(ISBLANK(A24), "", "-") | I24: 0 | J24: 0 | N24: 0 | O24: 0 | V24: =IF(R24 = "Borta", Z24, (IF(R24 = "Hemma", Y24, 0))) -> 0 | W24: =IF(R24 = "Hemma", Z24, (IF(R24 = "Borta", Y24, 0))) -> 0 | X24: =IF(R24 = "Borta", AA24, (IF(R24 = "Hemma", AB24, 0))) -> 0

Sheet Spelarstatistik
A1: Namn | B1: Mål | C1: Assist | D1: Vinster | E1: Förluster
A2: =IFERROR(__xludf.DUMMYFUNCTION("QUERY( FILTER({ IFERROR(QUERY(Matcher!H5:L1000, ""SELECT * WHERE H IS NOT NULL AND NOT H CONTAINS 'Gameweek'"", 0), {"""", """", """", """", """"}); IFERROR(QUERY(Matcher!M5:Q1000, ""SELECT * WHERE M IS NOT NULL AND NOT M CONTAINS 'Gam"&"eweek'"", 0), {"""", """", """", """", """"}); IFERROR(QUERY(Matcher!R5:V1000, ""SELECT * WHERE R IS NOT NULL AND NOT R CONTAINS 'Gameweek'"", 0), {"""", """", """", """", """"}); IFERROR(QUERY(Matcher!W5:AA1000, ""SELECT * WHERE W IS NOT "&"NULL AND NOT W CONTAINS 'Gameweek'"", 0), {"""", """", """", """", """"}); IFERROR(QUERY(Matcher!AC5:AG1000, ""SELECT * WHERE AC IS NOT NULL AND NOT AC CONTAINS 'Gameweek'"", 0), {"""", """", """", """", """"}) }, LEN(FLATTEN({ IFERROR"&"(QUERY(Matcher!H5:H1000, ""SELECT H WHERE H IS NOT NULL AND NOT H CONTAINS 'Gameweek'"", 0), """"); IFERROR(QUERY(Matcher!M5:M1000, ""SELECT M WHERE M IS NOT NULL AND NOT M CONTAINS 'Gameweek'"", 0), """"); IFERROR(QUERY(Matcher!R5:R1000, "&"""SELECT R WHERE R IS NOT NULL AND NOT R CONTAINS 'Gameweek'"", 0), """"); IFERROR(QUERY(Matcher!W5:W1000, ""SELECT W WHERE W IS NOT NULL AND NOT W CONTAINS 'Gameweek'"", 0), """"); IFERROR(QUERY(Matcher!AC5:AC1000, ""SELECT AC WHERE AC IS"&" NOT NULL AND NOT AC CONTAINS 'Gameweek'"", 0), """") })) > 0), ""SELECT * WHERE Col1 IS NOT NULL"") "),"Samuel P") -> Samuel P | B2: =IFERROR(__xludf.DUMMYFUNCTION("""COMPUTED_VALUE"""),2.0) -> 2 | C2: =IFERROR(__xludf.DUMMYFUNCTION("""COMPUTED_VALUE"""),0.0) -> 0 | D2: =IFERROR(__xludf.DUMMYFUNCTION("""COMPUTED_VALUE"""),4.0) -> 4 | E2: =IFERROR(__xludf.DUMMYFUNCTION("""COMPUTED_VALUE"""),5.0) -> 5
A3: =IFERROR(__xludf.DUMMYFUNCTION("""COMPUTED_VALUE"""),"Albert A") -> Albert A | B3: =IFERROR(__xludf.DUMMYFUNCTION("""COMPUTED_VALUE"""),0.0) -> 0 | C3: =IFERROR(__xludf.DUMMYFUNCTION("""COMPUTED_VALUE"""),0.0) -> 0 | D3: =IFERROR(__xludf.DUMMYFUNCTION("""COMPUTED_VALUE"""),4.0) -> 4 | E3: =IFERROR(__xludf.DUMMYFUNCTION("""COMPUTED_VALUE"""),5.0) -> 5
A4: =IFERROR(__xludf.DUMMYFUNCTION("""COMPUTED_VALUE"""),"Amiin M") -> Amiin M | B4: =IFERROR(__xludf.DUMMYFUNCTION("""COMPUTED_VALUE"""),3.0) -> 3 | C4: =IFERROR(__xludf.DUMMYFUNCTION("""COMPUTED_VALUE"""),3.0) -> 3 | D4: =IFERROR(__xludf.DUMMYFUNCTION("""COMPUTED_VALUE"""),4.0) -> 4 | E4: =IFERROR(__xludf.DUMMYFUNCTION("""COMPUTED_VALUE"""),5.0) -> 5
A5: =IFERROR(__xludf.DUMMYFUNCTION("""COMPUTED_VALUE"""),"Aria A") -> Aria A | B5: =IFERROR(__xludf.DUMMYFUNCTION("""COMPUTED_VALUE"""),0.0) -> 0 | C5: =IFERROR(__xludf.DUMMYFUNCTION("""COMPUTED_VALUE"""),1.0) -> 1 | D5: =IFERROR(__xludf.DUMMYFUNCTION("""COMPUTED_VALUE"""),4.0) -> 4 | E5: =IFERROR(__xludf.DUMMYFUNCTION("""COMPUTED_VALUE"""),5.0) -> 5
A6: =IFERROR(__xludf.DUMMYFUNCTION("""COMPUTED_VALUE"""),"Oliver G") -> Oliver G | B6: =IFERROR(__xludf.DUMMYFUNCTION("""COMPUTED_VALUE"""),0.0) -> 0 | C6: =IFERROR(__xludf.DUMMYFUNCTION("""COMPUTED_VALUE"""),0.0) -> 0 | D6: =IFERROR(__xludf.DUMMYFUNCTION("""COMPUTED_VALUE"""),4.0) -> 4 | E6: =IFERROR(__xludf.DUMMYFUNCTION("""COMPUTED_VALUE"""),5.0) -> 5
A7: =IFERROR(__xludf.DUMMYFUNCTION("""COMPUTED_VALUE"""),"Oskar B") -> Oskar B | B7: =IFERROR(__xludf.DUMMYFUNCTION("""COMPUTED_VALUE"""),2.0) -> 2 | C7: =IFERROR(__xludf.DUMMYFUNCTION("""COMPUTED_VALUE"""),2.0) -> 2 | D7: =IFERROR(__xludf.DUMMYFUNCTION("""COMPUTED_VALUE"""),4.0) -> 4 | E7: =IFERROR(__xludf.DUMMYFUNCTION("""COMPUTED_VALUE"""),5.0) -> 5
A8: =IFERROR(__xludf.DUMMYFUNCTION("""COMPUTED_VALUE"""),"Samuel P") -> Samuel P | B8: =IFERROR(__xludf.DUMMYFUNCTION("""COMPUTED_VALUE"""),1.0) -> 1 | C8: =IFERROR(__xludf.DUMMYFUNCTION("""COMPUTED_VALUE"""),4.0) -> 4 | D8: =IFERROR(__xludf.DUMMYFUNCTION("""COMPUTED_VALUE"""),1.0) -> 1 | E8: =IFERROR(__xludf.DUMMYFUNCTION("""COMPUTED_VALUE"""),5.0) -> 5
A9: =IFERROR(__xludf.DUMMYFUNCTION("""COMPUTED_VALUE"""),"Emil F") -> Emil F | B9: =IFERROR(__xludf.DUMMYFUNCTION("""COMPUTED_VALUE"""),4.0) -> 4 | C9: =IFERROR(__xludf.DUMMYFUNCTION("""COMPUTED_VALUE"""),0.0) -> 0 | D9: =IFERROR(__xludf.DUMMYFUNCTION("""COMPUTED_VALUE"""),1.0) -> 1 | E9: =IFERROR(__xludf.DUMMYFUNCTION("""COMPUTED_VALUE"""),5.0) -> 5
A10: =IFERROR(__xludf.DUMMYFUNCTION("""COMPUTED_VALUE"""),"Isak L") -> Isak L | B10: =IFERROR(__xludf.DUMMYFUNCTION("""COMPUTED_VALUE"""),0.0) -> 0 | C10: =IFERROR(__xludf.DUMMYFUNCTION("""COMPUTED_VALUE"""),1.0) -> 1 | D10: =IFERROR(__xludf.DUMMYFUNCTION("""COMPUTED_VALUE"""),1.0) -> 1 | E10: =IFERROR(__xludf.DUMMYFUNCTION("""COMPUTED_VALUE"""),5.0) -> 5
A11: =IFERROR(__xludf.DUMMYFUNCTION("""COMPUTED_VALUE"""),"Daniel K") -> Daniel K | B11: =IFERROR(__xludf.DUMMYFUNCTION("""COMPUTED_VALUE"""),0.0) -> 0 | C11: =IFERROR(__xludf.DUMMYFUNCTION("""COMPUTED_VALUE"""),0.0) -> 0 | D11: =IFERROR(__xludf.DUMMYFUNCTION("""COMPUTED_VALUE"""),1.0) -> 1 | E11: =IFERROR(__xludf.DUMMYFUNCTION("""COMPUTED_VALUE"""),5.0) -> 5
A12: =IFERROR(__xludf.DUMMYFUNCTION("""COMPUTED_VALUE"""),"Jakob S") -> Jakob S | B12: =IFERROR(__xludf.DUMMYFUNCTION("""COMPUTED_VALUE"""),1.0) -> 1 | C12: =IFERROR(__xludf.DUMMYFUNCTION("""COMPUTED_VALUE"""),1.0) -> 1 | D12: =IFERROR(__xludf.DUMMYFUNCTION("""COMPUTED_VALUE"""),1.0) -> 1 | E12: =IFERROR(__xludf.DUMMYFUNCTION("""COMPUTED_VALUE"""),5.0) -> 5
A13: =IFERROR(__xludf.DUMMYFUNCTION("""COMPUTED_VALUE"""),"Albert A") -> Albert A | B13: =IFERROR(__xludf.DUMMYFUNCTION("""COMPUTED_VALUE"""),1.0) -> 1 | C13: =IFERROR(__xludf.DUMMYFUNCTION("""COMPUTED_VALUE"""),1.0) -> 1 | D13: =IFERROR(__xludf.DUMMYFUNCTION("""COMPUTED_VALUE"""),3.0) -> 3 | E13: =IFERROR(__xludf.DUMMYFUNCTION("""COMPUTED_VALUE"""),2.0) -> 2
A14: =IFERROR(__xludf.DUMMYFUNCTION("""COMPUTED_VALUE"""),"Shahir I") -> Shahir I | B14: =IFERROR(__xludf.DUMMYFUNCTION("""COMPUTED_VALUE"""),0.0) -> 0 | C14: =IFERROR(__xludf.DUMMYFUNCTION("""COMPUTED_VALUE"""),1.0) -> 1 | D14: =IFERROR(__xludf.DUMMYFUNCTION("""COMPUTED_VALUE"""),3.0) -> 3 | E14: =IFERROR(__xludf.DUMMYFUNCTION("""COMPUTED_VALUE"""),2.0) -> 2
A15: =IFERROR(__xludf.DUMMYFUNCTION("""COMPUTED_VALUE"""),"Eskil K") -> Eskil K | B15: =IFERROR(__xludf.DUMMYFUNCTION("""COMPUTED_VALUE"""),4.0) -> 4 | C15: =IFERROR(__xludf.DUMMYFUNCTION("""COMPUTED_VALUE"""),0.0) -> 0 | D15: =IFERROR(__xludf.DUMMYFUNCTION("""COMPUTED_VALUE"""),3.0) -> 3 | E15: =IFERROR(__xludf.DUMMYFUNCTION("""COMPUTED_VALUE"""),2.0) -> 2
A16: =IFERROR(__xludf.DUMMYFUNCTION("""COMPUTED_VALUE"""),"Oskar R") -> Oskar R | B16: =IFERROR(__xludf.DUMMYFUNCTION("""COMPUTED_VALUE"""),1.0) -> 1 | C16: =IFERROR(__xludf.DUMMYFUNCTION("""COMPUTED_VALUE"""),0.0) -> 0 | D16: =IFERROR(__xludf.DUMMYFUNCTION("""COMPUTED_VALUE"""),3.0) -> 3 | E16: =IFERROR(__xludf.DUMMYFUNCTION("""COMPUTED_VALUE"""),2.0) -> 2
A17: =IFERROR(__xludf.DUMMYFUNCTION("""COMPUTED_VALUE"""),"Pontus B") -> Pontus B | B17: =IFERROR(__xludf.DUMMYFUNCTION("""COMPUTED_VALUE"""),3.0) -> 3 | C17: =IFERROR(__xludf.DUMMYFUNCTION("""COMPUTED_VALUE"""),2.0) -> 2 | D17: =IFERROR(__xludf.DUMMYFUNCTION("""COMPUTED_VALUE"""),3.0) -> 3 | E17: =IFERROR(__xludf.DUMMYFUNCTION("""COMPUTED_VALUE"""),2.0) -> 2
A18: =IFERROR(__xludf.DUMMYFUNCTION("""COMPUTED_VALUE"""),"Benjamin L") -> Benjamin L | B18: =IFERROR(__xludf.DUMMYFUNCTION("""COMPUTED_VALUE"""),0.0) -> 0 | C18: =IFERROR(__xludf.DUMMYFUNCTION("""COMPUTED_VALUE"""),2.0) -> 2 | D18: =IFERROR(__xludf.DUMMYFUNCTION("""COMPUTED_VALUE"""),7.0) -> 7 | E18: =IFERROR(__xludf.DUMMYFUNCTION("""COMPUTED_VALUE"""),1.0) -> 1
A19: =IFERROR(__xludf.DUMMYFUNCTION("""COMPUTED_VALUE"""),"Branislav D") -> Branislav D | B19: =IFERROR(__xludf.DUMMYFUNCTION("""COMPUTED_VALUE"""),1.0) -> 1 | C19: =IFERROR(__xludf.DUMMYFUNCTION("""COMPUTED_VALUE"""),3.0) -> 3 | D19: =IFERROR(__xludf.DUMMYFUNCTION("""COMPUTED_VALUE"""),7.0) -> 7 | E19: =IFERROR(__xludf.DUMMYFUNCTION("""COMPUTED_VALUE"""),1.0) -> 1
A20: =IFERROR(__xludf.DUMMYFUNCTION("""COMPUTED_VALUE"""),"Dennis F") -> Dennis F | B20: =IFERROR(__xludf.DUMMYFUNCTION("""COMPUTED_VALUE"""),3.0) -> 3 | C20: =IFERROR(__xludf.DUMMYFUNCTION("""COMPUTED_VALUE"""),2.0) -> 2 | D20: =IFERROR(__xludf.DUMMYFUNCTION("""COMPUTED_VALUE"""),7.0) -> 7 | E20: =IFERROR(__xludf.DUMMYFUNCTION("""COMPUTED_VALUE"""),1.0) -> 1
A21: =IFERROR(__xludf.DUMMYFUNCTION("""COMPUTED_VALUE"""),"Emil F") -> Emil F | B21: =IFERROR(__xludf.DUMMYFUNCTION("""COMPUTED_VALUE"""),5.0) -> 5 | C21: =IFERROR(__xludf.DUMMYFUNCTION("""COMPUTED_VALUE"""),3.0) -> 3 | D21: =IFERROR(__xludf.DUMMYFUNCTION("""COMPUTED_VALUE"""),7.0) -> 7 | E21: =IFERROR(__xludf.DUMMYFUNCTION("""COMPUTED_VALUE"""),1.0) -> 1
A22: =IFERROR(__xludf.DUMMYFUNCTION("""COMPUTED_VALUE"""),"Jakob S") -> Jakob S | B22: =IFERROR(__xludf.DUMMYFUNCTION("""COMPUTED_VALUE"""),5.0) -> 5 | C22: =IFERROR(__xludf.DUMMYFUNCTION("""COMPUTED_VALUE"""),3.0) -> 3 | D22: =IFERROR(__xludf.DUMMYFUNCTION("""COMPUTED_VALUE"""),7.0) -> 7 | E22: =IFERROR(__xludf.DUMMYFUNCTION("""COMPUTED_VALUE"""),1.0) -> 1
A23: =IFERROR(__xludf.DUMMYFUNCTION("""COMPUTED_VALUE"""),"Shahir I") -> Shahir I | B23: =IFERROR(__xludf.DUMMYFUNCTION("""COMPUTED_VALUE"""),1.0) -> 1 | C23: =IFERROR(__xludf.DUMMYFUNCTION("""COMPUTED_VALUE"""),1.0) -> 1 | D23: =IFERROR(__xludf.DUMMYFUNCTION("""COMPUTED_VALUE"""),7.0) -> 7 | E23: =IFERROR(__xludf.DUMMYFUNCTION("""COMPUTED_VALUE"""),1.0) -> 1
A24: =IFERROR(__xludf.DUMMYFUNCTION("""COMPUTED_VALUE"""),"Aria A") -> Aria A | B24: =IFERROR(__xludf.DUMMYFUNCTION("""COMPUTED_VALUE"""),1.0) -> 1 | C24: =IFERROR(__xludf.DUMMYFUNCTION("""COMPUTED_VALUE"""),0.0) -> 0 | D24: =IFERROR(__xludf.DUMMYFUNCTION("""COMPUTED_VALUE"""),1.0) -> 1 | E24: =IFERROR(__xludf.DUMMYFUNCTION("""COMPUTED_VALUE"""),1.0) -> 1
A25: =IFERROR(__xludf.DUMMYFUNCTION("""COMPUTED_VALUE"""),"Jakob S") -> Jakob S | B25: =IFERROR(__xludf.DUMMYFUNCTION("""COMPUTED_VALUE"""),4.0) -> 4 | C25: =IFERROR(__xludf.DUMMYFUNCTION("""COMPUTED_VALUE"""),1.0) -> 1 | D25: =IFERROR(__xludf.DUMMYFUNCTION("""COMPUTED_VALUE"""),1.0) -> 1 | E25: =IFERROR(__xludf.DUMMYFUNCTION("""COMPUTED_VALUE"""),1.0) -> 1
A26: =IFERROR(__xludf.DUMMYFUNCTION("""COMPUTED_VALUE"""),"Karvan X") -> Karvan X | B26: =IFERROR(__xludf.DUMMYFUNCTION("""COMPUTED_VALUE"""),1.0) -> 1 | C26: =IFERROR(__xludf.DUMMYFUNCTION("""COMPUTED_VALUE"""),0.0) -> 0 | D26: =IFERROR(__xludf.DUMMYFUNCTION("""COMPUTED_VALUE"""),1.0) -> 1 | E26: =IFERROR(__xludf.DUMMYFUNCTION("""COMPUTED_VALUE"""),1.0) -> 1
A27: =IFERROR(__xludf.DUMMYFUNCTION("""COMPUTED_VALUE"""),"Oliver G") -> Oliver G | B27: =IFERROR(__xludf.DUMMYFUNCTION("""COMPUTED_VALUE"""),0.0) -> 0 | C27: =IFERROR(__xludf.DUMMYFUNCTION("""COMPUTED_VALUE"""),1.0) -> 1 | D27: =IFERROR(__xludf.DUMMYFUNCTION("""COMPUTED_VALUE"""),1.0) -> 1 | E27: =IFERROR(__xludf.DUMMYFUNCTION("""COMPUTED_VALUE"""),1.0) -> 1
A28: =IFERROR(__xludf.DUMMYFUNCTION("""COMPUTED_VALUE"""),"Shahir I") -> Shahir I | B28: =IFERROR(__xludf.DUMMYFUNCTION("""COMPUTED_VALUE"""),0.0) -> 0 | C28: =IFERROR(__xludf.DUMMYFUNCTION("""COMPUTED_VALUE"""),2.0) -> 2 | D28: =IFERROR(__xludf.DUMMYFUNCTION("""COMPUTED_VALUE"""),1.0) -> 1 | E28: =IFERROR(__xludf.DUMMYFUNCTION("""COMPUTED_VALUE"""),1.0) -> 1
A29: =IFERROR(__xludf.DUMMYFUNCTION("""COMPUTED_VALUE"""),"Ivan N") -> Ivan N | B29: =IFERROR(__xludf.DUMMYFUNCTION("""COMPUTED_VALUE"""),3.0) -> 3 | C29: =IFERROR(__xludf.DUMMYFUNCTION("""COMPUTED_VALUE"""),1.0) -> 1 | D29: =IFERROR(__xludf.DUMMYFUNCTION("""COMPUTED_VALUE"""),3.0) -> 3 | E29: =IFERROR(__xludf.DUMMYFUNCTION("""COMPUTED_VALUE"""),2.0) -> 2
A30: =IFERROR(__xludf.DUMMYFUNCTION("""COMPUTED_VALUE"""),"Oliver G") -> Oliver G | B30: =IFERROR(__xludf.DUMMYFUNCTION("""COMPUTED_VALUE"""),2.0) -> 2 | C30: =IFERROR(__xludf.DUMMYFUNCTION("""COMPUTED_VALUE"""),1.0) -> 1 | D30: =IFERROR(__xludf.DUMMYFUNCTION("""COMPUTED_VALUE"""),3.0) -> 3 | E30: =IFERROR(__xludf.DUMMYFUNCTION("""COMPUTED_VALUE"""),2.0) -> 2
A31: =IFERROR(__xludf.DUMMYFUNCTION("""COMPUTED_VALUE"""),"Oskar R") -> Oskar R | B31: =IFERROR(__xludf.DUMMYFUNCTION("""COMPUTED_VALUE"""),0.0) -> 0 | C31: =IFERROR(__xludf.DUMMYFUNCTION("""COMPUTED_VALUE"""),2.0) -> 2 | D31: =IFERROR(__xludf.DUMMYFUNCTION("""COMPUTED_VALUE"""),3.0) -> 3 | E31: =IFERROR(__xludf.DUMMYFUNCTION("""COMPUTED_VALUE"""),2.0) -> 2
A32: =IFERROR(__xludf.DUMMYFUNCTION("""COMPUTED_VALUE"""),"Shahir I") -> Shahir I | B32: =IFERROR(__xludf.DUMMYFUNCTION("""COMPUTED_VALUE"""),1.0) -> 1 | C32: =IFERROR(__xludf.DUMMYFUNCTION("""COMPUTED_VALUE"""),0.0) -> 0 | D32: =IFERROR(__xludf.DUMMYFUNCTION("""COMPUTED_VALUE"""),3.0) -> 3 | E32: =IFERROR(__xludf.DUMMYFUNCTION("""COMPUTED_VALUE"""),2.0) -> 2
A33: =IFERROR(__xludf.DUMMYFUNCTION("""COMPUTED_VALUE"""),"Daniel K") -> Daniel K | B33: =IFERROR(__xludf.DUMMYFUNCTION("""COMPUTED_VALUE"""),1.0) -> 1 | C33: =IFERROR(__xludf.DUMMYFUNCTION("""COMPUTED_VALUE"""),2.0) -> 2 | D33: =IFERROR(__xludf.DUMMYFUNCTION("""COMPUTED_VALUE"""),3.0) -> 3 | E33: =IFERROR(__xludf.DUMMYFUNCTION("""COMPUTED_VALUE"""),2.0) -> 2
A34: =IFERROR(__xludf.DUMMYFUNCTION("""COMPUTED_VALUE"""),"Aria A") -> Aria A | B34: =IFERROR(__xludf.DUMMYFUNCTION("""COMPUTED_VALUE"""),1.0) -> 1 | C34: =IFERROR(__xludf.DUMMYFUNCTION("""COMPUTED_VALUE"""),0.0) -> 0 | D34: =IFERROR(__xludf.DUMMYFUNCTION("""COMPUTED_VALUE"""),3.0) -> 3 | E34: =IFERROR(__xludf.DUMMYFUNCTION("""COMPUTED_VALUE"""),2.0) -> 2
A35: =IFERROR(__xludf.DUMMYFUNCTION("""COMPUTED_VALUE"""),"Daniel K") -> Daniel K | B35: =IFERROR(__xludf.DUMMYFUNCTION("""COMPUTED_VALUE"""),0.0) -> 0 | C35: =IFERROR(__xludf.DUMMYFUNCTION("""COMPUTED_VALUE"""),1.0) -> 1 | D35: =IFERROR(__xludf.DUMMYFUNCTION("""COMPUTED_VALUE"""),3.0) -> 3 | E35: =IFERROR(__xludf.DUMMYFUNCTION("""COMPUTED_VALUE"""),2.0) -> 2
A36: =IFERROR(__xludf.DUMMYFUNCTION("""COMPUTED_VALUE"""),"Eskil K") -> Eskil K | B36: =IFERROR(__xludf.DUMMYFUNCTION("""COMPUTED_VALUE"""),2.0) -> 2 | C36: =IFERROR(__xludf.DUMMYFUNCTION("""COMPUTED_VALUE"""),1.0) -> 1 | D36: =IFERROR(__xludf.DUMMYFUNCTION("""COMPUTED_VALUE"""),3.0) -> 3 | E36: =IFERROR(__xludf.DUMMYFUNCTION("""COMPUTED_VALUE"""),2.0) -> 2
A37: =IFERROR(__xludf.DUMMYFUNCTION("""COMPUTED_VALUE"""),"Jakob S") -> Jakob S | B37: =IFERROR(__xludf.DUMMYFUNCTION("""COMPUTED_VALUE"""),2.0) -> 2 | C37: =IFERROR(__xludf.DUMMYFUNCTION("""COMPUTED_VALUE"""),5.0) -> 5 | D37: =IFERROR(__xludf.DUMMYFUNCTION("""COMPUTED_VALUE"""),3.0) -> 3 | E37: =IFERROR(__xludf.DUMMYFUNCTION("""COMPUTED_VALUE"""),2.0) -> 2
A38: =IFERROR(__xludf.DUMMYFUNCTION("""COMPUTED_VALUE"""),"Oliver G") -> Oliver G | B38: =IFERROR(__xludf.DUMMYFUNCTION("""COMPUTED_VALUE"""),5.0) -> 5 | C38: =IFERROR(__xludf.DUMMYFUNCTION("""COMPUTED_VALUE"""),3.0) -> 3 | D38: =IFERROR(__xludf.DUMMYFUNCTION("""COMPUTED_VALUE"""),3.0) -> 3 | E38: =IFERROR(__xludf.DUMMYFUNCTION("""COMPUTED_VALUE"""),2.0) -> 2
A39: =IFERROR(__xludf.DUMMYFUNCTION("""COMPUTED_VALUE"""),"Daniel K") -> Daniel K | B39: =IFERROR(__xludf.DUMMYFUNCTION("""COMPUTED_VALUE"""),4.0) -> 4 | C39: =IFERROR(__xludf.DUMMYFUNCTION("""COMPUTED_VALUE"""),0.0) -> 0 | D39: =IFERROR(__xludf.DUMMYFUNCTION("""COMPUTED_VALUE"""),3.0) -> 3 | E39: =IFERROR(__xludf.DUMMYFUNCTION("""COMPUTED_VALUE"""),2.0) -> 2
A40: =IFERROR(__xludf.DUMMYFUNCTION("""COMPUTED_VALUE"""),"Emil A") -> Emil A | B40: =IFERROR(__xludf.DUMMYFUNCTION("""COMPUTED_VALUE"""),1.0) -> 1 | C40: =IFERROR(__xludf.DUMMYFUNCTION("""COMPUTED_VALUE"""),0.0) -> 0 | D40: =IFERROR(__xludf.DUMMYFUNCTION("""COMPUTED_VALUE"""),3.0) -> 3 | E40: =IFERROR(__xludf.DUMMYFUNCTION("""COMPUTED_VALUE"""),2.0) -> 2
A41: =IFERROR(__xludf.DUMMYFUNCTION("""COMPUTED_VALUE"""),"George T") -> George T | B41: =IFERROR(__xludf.DUMMYFUNCTION("""COMPUTED_VALUE"""),1.0) -> 1 | C41: =IFERROR(__xludf.DUMMYFUNCTION("""COMPUTED_VALUE"""),5.0) -> 5 | D41: =IFERROR(__xludf.DUMMYFUNCTION("""COMPUTED_VALUE"""),3.0) -> 3 | E41: =IFERROR(__xludf.DUMMYFUNCTION("""COMPUTED_VALUE"""),2.0) -> 2
A42: =IFERROR(__xludf.DUMMYFUNCTION("""COMPUTED_VALUE"""),"Ivan N") -> Ivan N | B42: =IFERROR(__xludf.DUMMYFUNCTION("""COMPUTED_VALUE"""),2.0) -> 2 | C42: =IFERROR(__xludf.DUMMYFUNCTION("""COMPUTED_VALUE"""),2.0) -> 2 | D42: =IFERROR(__xludf.DUMMYFUNCTION("""COMPUTED_VALUE"""),3.0) -> 3 | E42: =IFERROR(__xludf.DUMMYFUNCTION("""COMPUTED_VALUE"""),2.0) -> 2
A43: =IFERROR(__xludf.DUMMYFUNCTION("""COMPUTED_VALUE"""),"Albert A") -> Albert A | B43: =IFERROR(__xludf.DUMMYFUNCTION("""COMPUTED_VALUE"""),1.0) -> 1 | C43: =IFERROR(__xludf.DUMMYFUNCTION("""COMPUTED_VALUE"""),0.0) -> 0 | D43: =IFERROR(__xludf.DUMMYFUNCTION("""COMPUTED_VALUE"""),3.0) -> 3 | E43: =IFERROR(__xludf.DUMMYFUNCTION("""COMPUTED_VALUE"""),2.0) -> 2
A44: =IFERROR(__xludf.DUMMYFUNCTION("""COMPUTED_VALUE"""),"Aria A") -> Aria A | B44: =IFERROR(__xludf.DUMMYFUNCTION("""COMPUTED_VALUE"""),0.0) -> 0 | C44: =IFERROR(__xludf.DUMMYFUNCTION("""COMPUTED_VALUE"""),1.0) -> 1 | D44: =IFERROR(__xludf.DUMMYFUNCTION("""COMPUTED_VALUE"""),3.0) -> 3 | E44: =IFERROR(__xludf.DUMMYFUNCTION("""COMPUTED_VALUE"""),2.0) -> 2
A45: =IFERROR(__xludf.DUMMYFUNCTION("""COMPUTED_VALUE"""),"Benjamin L") -> Benjamin L | B45: =IFERROR(__xludf.DUMMYFUNCTION("""COMPUTED_VALUE"""),0.0) -> 0 | C45: =IFERROR(__xludf.DUMMYFUNCTION("""COMPUTED_VALUE"""),0.0) -> 0 | D45: =IFERROR(__xludf.DUMMYFUNCTION("""COMPUTED_VALUE"""),3.0) -> 3 | E45: =IFERROR(__xludf.DUMMYFUNCTION("""COMPUTED_VALUE"""),2.0) -> 2
A46: =IFERROR(__xludf.DUMMYFUNCTION("""COMPUTED_VALUE"""),"Jakob S") -> Jakob S | B46: =IFERROR(__xludf.DUMMYFUNCTION("""COMPUTED_VALUE"""),1.0) -> 1 | C46: =IFERROR(__xludf.DUMMYFUNCTION("""COMPUTED_VALUE"""),2.0) -> 2 | D46: =IFERROR(__xludf.DUMMYFUNCTION("""COMPUTED_VALUE"""),3.0) -> 3 | E46: =IFERROR(__xludf.DUMMYFUNCTION("""COMPUTED_VALUE"""),2.0) -> 2
A47: =IFERROR(__xludf.DUMMYFUNCTION("""COMPUTED_VALUE"""),"Leo F") -> Leo F | B47: =IFERROR(__xludf.DUMMYFUNCTION("""COMPUTED_VALUE"""),2.0) -> 2 | C47: =IFERROR(__xludf.DUMMYFUNCTION("""COMPUTED_VALUE"""),1.0) -> 1 | D47: =IFERROR(__xludf.DUMMYFUNCTION("""COMPUTED_VALUE"""),3.0) -> 3 | E47: =IFERROR(__xludf.DUMMYFUNCTION("""COMPUTED_VALUE"""),2.0) -> 2
A48: =IFERROR(__xludf.DUMMYFUNCTION("""COMPUTED_VALUE"""),"Oliver G") -> Oliver G | B48: =IFERROR(__xludf.DUMMYFUNCTION("""COMPUTED_VALUE"""),1.0) -> 1 | C48: =IFERROR(__xludf.DUMMYFUNCTION("""COMPUTED_VALUE"""),0.0) -> 0 | D48: =IFERROR(__xludf.DUMMYFUNCTION("""COMPUTED_VALUE"""),3.0) -> 3 | E48: =IFERROR(__xludf.DUMMYFUNCTION("""COMPUTED_VALUE"""),2.0) -> 2
A49: =IFERROR(__xludf.DUMMYFUNCTION("""COMPUTED_VALUE"""),"Aria A") -> Aria A | B49: =IFERROR(__xludf.DUMMYFUNCTION("""COMPUTED_VALUE"""),0.0) -> 0 | C49: =IFERROR(__xludf.DUMMYFUNCTION("""COMPUTED_VALUE"""),0.0) -> 0 | D49: =IFERROR(__xludf.DUMMYFUNCTION("""COMPUTED_VALUE"""),2.0) -> 2 | E49: =IFERROR(__xludf.DUMMYFUNCTION("""COMPUTED_VALUE"""),4.0) -> 4
A50: =IFERROR(__xludf.DUMMYFUNCTION("""COMPUTED_VALUE"""),"Casper W") -> Casper W | B50: =IFERROR(__xludf.DUMMYFUNCTION("""COMPUTED_VALUE"""),0.0) -> 0 | C50: =IFERROR(__xludf.DUMMYFUNCTION("""COMPUTED_VALUE"""),0.0) -> 0 | D50: =IFERROR(__xludf.DUMMYFUNCTION("""COMPUTED_VALUE"""),2.0) -> 2 | E50: =IFERROR(__xludf.DUMMYFUNCTION("""COMPUTED_VALUE"""),4.0) -> 4
A51: =IFERROR(__xludf.DUMMYFUNCTION("""COMPUTED_VALUE"""),"Eskil K") -> Eskil K | B51: =IFERROR(__xludf.DUMMYFUNCTION("""COMPUTED_VALUE"""),1.0) -> 1 | C51: =IFERROR(__xludf.DUMMYFUNCTION("""COMPUTED_VALUE"""),0.0) -> 0 | D51: =IFERROR(__xludf.DUMMYFUNCTION("""COMPUTED_VALUE"""),2.0) -> 2 | E51: =IFERROR(__xludf.DUMMYFUNCTION("""COMPUTED_VALUE"""),4.0) -> 4
